Date,PKod,Pgroup,Pname,Pquantity,pce_zn,pwa_zn,pce_sn,pwa_sn,pce_sb,pwa_sb,pudzsb,pmarza,pmarzajedn,pkwmarza,pudzmarza
01.01.2018,5307,CHEMISTRY, PATYCZKI BELLA 200,1,1,77,1,77,2,57,2,57,2,78,2
01.01.2018,5986,CHEMISTRY,ACE 1 L,1,3,2,3,2,5,68,5,68,6,99,6
01.01.2018,399,DAIRY_CHESSE,ALMETTE CZOSNEK NIEDZWIEDZI 150GR,4,2,68,10,72,3,8,15,2,3,99,15
01.01.2018,2246,DAIRY_CHESSE,ALMETTE JOGURTOWY 150G HOCHLAND,4,2,68,10,72,3,8,15,2,3,99,15
01.01.2018,2247,DAIRY_CHESSE,ALMETTE OGOREK/ZIOLA 150G,4,2,68,10,72,2,85,11,4,3,99,11
01.01.2018,1305,DAIRY_CHESSE,ALMETTE SER POMIDOR 150 G,5,2,68,13,4,3,8,19,3,99,19,95
01.01.2018,1142,DAIRY_CHESSE,ALMETTE SZCZYPIOREK CEBULA 150G,4,2,68,10,72,3,8,15,2,3,99,15
01.01.2018,17316,GENERAL_FOOD,ALMETTE SZPINAK 150 G,6,2,68,16,8,3,8,22,8,3,99,23
01.01.2018,3818,DAIRY_CHESSE,ALMETTE Z CHRZANEM,6,2,68,16,8,3,8,22,8,3,99,23
01.01.2018,1143,DAIRY_CHESSE,ALMETTE ZIOLOWY 150G SEREK,4,2,68,10,72,3,8,15,2,3,99,15
01.01.2018,7695,SWEETS,AMELIA PIANKA 380 G SMIET.CZEK,2,4,18,8,36,6,7,13,4,8,24,16
01.01.2018,8404,VEGETABLES,AMINO BLYSK  ZUREK,6,0,82,4,92,1,51,9,6,1,59,9
01.01.2018,3067,GENERAL_FOOD,AMINO BLYSK GULASZOWA 61G,1,0,82,0,82,1,51,1,51,1,59,1
01.01.2018,17427,OILS,AMINO BLYSK OGORKOWA,2,0,92,1,84,1,51,3,2,1,59,3
01.01.2018,5663,GENERAL_FOOD,AMINO BLYSK. ROSOL Z KURY PIKANTNY,9,0,82,7,38,1,51,13,59,1,59,14
01.01.2018,782,GENERAL_FOOD,AMINO BLYSK.POMIDOROWA,25,0,92,23,1,51,37,75,1,59,39,75
01.01.2018,16572,GENERAL_FOOD,AMINO B?YSK_PIECZARKOWA,6,0,82,4,92,1,39,8,31,1,46,8
01.01.2018,2269,GENERAL_FOOD,AMINO SOS BOLONSKI 43G,6,1,13,6,78,1,66,9,96,1,79,10
01.01.2018,199,GENERAL_FOOD,AMINO SOS PIECZENIOWY CIEMNY 38GR,11,0,99,10,89,1,66,18,26,1,79,19
01.01.2018,86,GENERAL_FOOD,ANANAS PLASTRY 580 G GIANA,2,3,48,6,96,4,98,9,96,5,38,10
01.01.2018,5633,SWEETS,ANDRUTY   FURMANIAK,97,0,7,67,84,0,89,86,49,1,9,105
01.01.2018,6605,SWEETS,ANIMALS MODEL,1,5,68,5,68,7,29,7,29,8,97,8
01.01.2018,7646,SPICES,APEPETITA GYROS 30 G,2,1,2,1,34,2,68,1,45,2,9,0
01.01.2018,19589,SPICES,APETTITA CYNAMON 20 G,2,0,79,1,58,1,5,2,1,1,29,2
01.01.2018,6562,SPICES,APPETITA GALKA MUSZKATOLOWA,1,0,99,0,99,1,37,1,37,1,69,1
01.01.2018,7218,SPICES,APPETITA IMBIR MIELONY,1,0,99,0,99,1,29,1,29,1,59,1
01.01.2018,4581,SPICES,APPETITA PRZYPRAWA DO GULASZU 20 G,1,0,97,0,97,1,34,1,34,1,45,1
01.01.2018,10232,CHEMISTRY,ARIEL KAPSU?KI DO BIA?EGO 32SZT,2,0,78,1,56,1,37,2,74,1,69,3
01.01.2018,9274,TABLETS,ASPIRYN ULTRA 2 SZT,4,1,83,7,32,2,68,10,72,2,89,11
01.01.2018,14220,BREAD,B BABKA DUZA JOGURTOWA/POLEWA,1,7,31,7,31,8,81,8,81,9,51,9
01.01.2018,7762,BREAD,B CIASTKA FRANCUSKIE/ROZNE LUZ,2,38,13,69,32,51,18,1,42,77,19,46
01.01.2018,14208,BREAD,B ROGAL MLECZNY 0_1KG,34,0,99,33,66,1,25,42,5,1,35,45
01.01.2018,13413,BREAD,B ROGALE/GNIAZDO SMIET/EKLER/OMLET,160,1,64,262,1,82,291,4,1,96,313,92
01.01.2018,7926,BREAD,B SERNIK/PIANKI/ROGALE Z MAKIEM,1,15,22,56,25,9,29,43,33,79,31,78
01.01.2018,2911,DAIRY_CHESSE,BAKOMA 7 ZBOZ SLIWKA 150GR,6,1,39,8,34,1,73,10,35,1,86,11
01.01.2018,12547,DAIRY_CHESSE,BAKOMA BAKUS DO KIESZONKI TRUSKAW.,3,1,57,4,71,2,18,6,54,2,29,6
01.01.2018,12548,DAIRY_CHESSE,BAKOMA BAKUS DO KIESZONKI WANIL.,3,1,57,4,71,2,18,6,54,2,29,6
01.01.2018,2913,DAIRY_CHESSE,BAKOMA GRECKI 180GR,9,1,63,14,67,2,3,18,31,2,13,19
01.01.2018,15795,DAIRY_CHESSE,BAKOMA OLEJ RZEPAKOWY,9,4,44,39,96,5,61,50,49,5,89,53
01.01.2018,6467,DAIRY_CHESSE,BAKOMA POLSKIE SMAKI  WISNIA 120 G,5,0,6,3,0,48,2,38,0,5,2,49
01.01.2018,2914,DAIRY_CHESSE,BAKOMA POLSKIE SMAKI130GR TRUSK,8,0,76,6,8,0,8,6,4,0,84,6
01.01.2018,19287,DAIRY_CHESSE,BAKOMA PREMIUM 150 G BRZOS+MARAKUJ,6,1,43,8,58,1,61,9,66,1,69,10
01.01.2018,8152,DAIRY_CHESSE,BAKOMA SATINA  KARMEL 170 G,7,1,18,8,26,1,6,7,43,1,15,8
01.01.2018,12150,DAIRY_CHESSE,BAKOMA SATINA CZEKOL.170 G,13,1,18,15,34,1,47,19,6,1,58,20
01.01.2018,8554,DAIRY_CHESSE,BAKOMA SATINA WANILIA 170 G,3,1,18,3,54,1,43,4,28,1,54,4
01.01.2018,8681,DAIRY_CHESSE,BAKOMA SEREK BAKUS WANILIA,8,1,18,9,44,1,61,12,88,1,69,13
01.01.2018,7625,DAIRY_CHESSE,BAKOMA SMIETANKA 10 SZT,5,1,48,7,4,1,9,9,5,1,99,9
01.01.2018,12320,DAIRY_CHESSE,BAKOMA TWIST  400G BRZOS,2,2,31,4,62,1,48,2,96,1,55,3
01.01.2018,7435,DAIRY_CHESSE,BAKOMA TWIST 250 G TRUSKAWKA,6,1,72,10,32,2,22,13,29,2,33,13
01.01.2018,1088,GENERAL_FOOD,BAKOMA TWIST 400 G ZURAWIN,6,2,42,14,52,2,28,13,68,2,39,14
01.01.2018,16645,ICE_CREAMS_FROZEN,BARSZCZ UKRAINSKI 450G NORDIS,1,1,97,1,97,2,85,2,85,2,99,2
01.01.2018,6580,GENERAL,BATERIA 44 R3 MAXELL,21,0,96,20,16,1,18,24,78,1,45,30
01.01.2018,6208,OCCASIONAL,BATERIA AA WARTA R6 1 SZT,4,0,96,3,84,1,46,5,84,1,79,7
01.01.2018,2560,CHEMISTRY,BATERIA GP PLASKA 3R12 4_5V  312GR,1,2,71,2,71,4,25,4,25,5,23,5
01.01.2018,5156,CHEMISTRY,BATERIA R6 AA,44,0,78,34,32,1,28,56,12,1,57,69
01.01.2018,18200,OCCASIONAL,BATERIA VARTA LR3 LONGLIFE 1 SZT,6,0,93,5,58,1,46,8,76,1,79,10
01.01.2018,17409,OCCASIONAL,BATERIE ALKAICZ  LR 3,4,0,93,3,72,1,48,5,92,1,82,7
01.01.2018,17408,OCCASIONAL,BATERIE ALKAICZ R6,31,0,93,28,83,1,46,45,26,1,79,55
01.01.2018,5429,KETCH_CONCETRATE_MUSTARD_MAJO_HORSERADISH,BATON 3BIT 46/51 G,30,0,92,27,6,1,5,45,1,85,55,5
01.01.2018,9462,SWEETS,BATON 7DAYS KAKAO W POLEWIE,3,0,55,1,65,0,97,2,91,1,19,3
01.01.2018,1413,SWEETS,BATON BOUNTY 57G,12,1,49,17,88,2,19,26,28,2,69,32
01.01.2018,8424,DAIRY_CHESSE,BATON FITELLA 25 G,3,1,7,3,21,1,51,4,53,1,59,4
01.01.2018,19717,SWEETS,BATON IKAR XXL WAWEL,18,1,9,19,62,1,62,29,16,1,99,35
01.01.2018,2738,SWEETS,BATON KINDER BUENO 43G,27,1,81,48,87,2,43,65,61,2,99,80
01.01.2018,7983,DRINK_JUICE,BATON KINDER DELIC 39 G,3,1,5,4,5,2,59,7,77,2,72,8
01.01.2018,16546,DAIRY_CHESSE,BATON KINDER MAXI KING Z KARMELEM 35G,9,1,69,15,21,2,9,18,81,2,57,23
01.01.2018,10008,SWEETS,BATON KNOPERS 25G,9,0,84,7,56,1,26,11,34,1,55,13
01.01.2018,2262,SWEETS,BATON LION 40 G PEANUT,3,0,86,2,58,1,21,3,63,1,49,4
01.01.2018,840,SWEETS,BATON MACIEK XXL WAWEL  ADWOKAT,10,1,9,10,9,1,62,16,2,1,99,19
01.01.2018,7353,SWEETS,BATON MARS 51 G,12,1,4,12,48,1,54,18,48,1,89,22
01.01.2018,13984,SWEETS,BATON MILKI WAY PODW�JNY,15,1,2,18,1,86,27,9,2,29,34,35
01.01.2018,15504,SWEETS,BATON MILKY WAY 21 5,22,0,6,13,2,0,8,17,6,0,99,21
01.01.2018,6782,SWEETS,BATON NESQUIK DELIC 25 G,6,0,92,5,52,1,32,7,92,1,39,8
01.01.2018,7200,KETCH_CONCETRATE_MUSTARD_MAJO_HORSERADISH,BATON NUTELLA 2 SZT,2,2,13,4,26,3,6,3,69,7,38,0
01.01.2018,8425,SWEETS,BATON PIEROT WEDEL 45GR,3,1,12,3,36,1,62,4,86,1,99,5
01.01.2018,5838,SWEETS,BATON SNICKERS 50 G,11,1,4,11,44,1,46,16,6,1,79,19
01.01.2018,15436,SWEETS,BATON TWIX 56 G,9,0,96,8,64,1,44,12,96,1,77,15
01.01.2018,8517,SWEETS,BATONIK MUU 29 G,2,0,52,1,4,0,87,1,74,1,7,2
01.01.2018,8518,SWEETS,BATONIK POWER 30 G,1,0,66,0,66,0,89,0,89,1,9,1
01.01.2018,9572,SPICES,BAZYLIA PRYMAT,3,0,96,2,88,1,13,3,39,1,39,4
01.01.2018,8771,DISHES_FOR_CHILDREN,BEBIKO 1,2,15,34,30,68,20,36,40,72,21,99,43
01.01.2018,3646,ART._HYGIENIC,BELLA HERBS 12 Z WERBENA,1,2,39,2,39,3,6,3,6,3,89,3
01.01.2018,6436,CHEMISTRY,BELLA PATYCZKI 100 SZT FOLIA,2,0,72,1,44,1,67,3,34,1,8,3
01.01.2018,17047,CHEMISTRY,BELLA PODPASKI  MAX GREEN,2,2,85,5,7,4,53,9,6,4,89,9
01.01.2018,17048,ART._HYGIENIC,BELLA PODPASKI BLUE MAX,2,2,85,5,7,4,53,9,6,4,89,9
01.01.2018,41,ART._HYGIENIC,BELLA PODPASKI NORMAL 20 B/SKRZYD,2,1,76,3,52,2,49,4,98,2,69,5
01.01.2018,55,ART._HYGIENIC,BELLA PODPASKI NORMAL MAXI 10,4,2,14,8,56,3,23,12,92,3,49,13
01.01.2018,54,ART._HYGIENIC,BELLA PODPASKI NOVA MAXI 10,1,2,66,2,66,1,85,1,85,2,2,0
01.01.2018,2155,ART._HYGIENIC,BELLA PODPASKI PERF.BLUE 10,1,2,85,2,85,4,53,4,53,4,89,4
01.01.2018,3913,GENERAL,BERLISO 180 G +20 G CZEKOL,6,1,21,7,26,1,75,10,5,1,89,11
01.01.2018,3914,GENERAL,BERLISO 180 G+20G TRUSKA,17,1,53,25,97,1,53,26,3,1,65,28
01.01.2018,5333,CHEMISTRY,BIALY JELEN SZAMPON 300 ML,1,4,99,4,99,6,66,6,66,8,19,8
01.01.2018,6703,ARTICLE_OF_HOUSEHOLD,BIBULA KOLOR,2,0,75,1,5,1,8,2,16,1,33,2
01.01.2018,7512,COFFEE TEA,BISZKOPTY 120 G MLYNY POLSKIE,2,3,25,6,5,4,17,8,34,5,13,10
01.01.2018,3471,SWEETS,BISZKOPTY WROCLAWSKIE 120G,3,1,68,5,4,2,56,7,68,3,15,9
01.01.2018,1835,CIGARETTES,BLOK RYSUNKOWY KOLOR,1,1,22,1,22,1,97,1,97,2,42,2
01.01.2018,5811,OCCASIONAL,BLOK TECHNICZNY A4,1,0,84,0,84,1,29,1,29,1,59,1
01.01.2018,18282,CHEMISTRY,BLOK TECHNICZNY KOLOR,3,1,24,3,72,2,6,2,46,7,38,0
01.01.2018,15115,DISHES_FOR_CHILDREN,BOBOVITA KASZKA MLECZ/RYZ TRUSKAWKI,1,6,93,6,93,9,5,9,5,10,26,10
01.01.2018,2432,SWEETS,BOMB MERCI 250G,2,9,85,19,7,13,81,27,62,16,99,33
01.01.2018,17380,SWEETS,BOMB MERCI GREEN 250 G,1,9,85,9,85,13,81,13,81,16,99,16
01.01.2018,8560,SWEETS,BOMB MON CHERI 157_5 G,1,9,85,9,85,13,14,13,14,16,16,16
01.01.2018,6067,SWEETS,BOMB TOFFIFEE 250 G,1,10,87,10,87,15,44,15,44,18,99,18
01.01.2018,5603,SWEETS,BOMB.FIORELLA 140G,4,3,78,15,12,6,5,26,7,99,31,96
01.01.2018,8021,SWEETS,BOMBONIERA GALARE.W CZEKOL WISNIA 190 G,2,4,18,8,36,5,63,11,26,6,92,13
01.01.2018,1548,SWEETS,BOMBONIERA GALARETKA W CZEK 190 G,1,3,5,3,5,4,43,4,43,5,45,5
01.01.2018,1550,COOKIES_BULK,BOMBONIERA GALARETKS POM.190 G W CZEK,1,4,18,4,18,5,63,5,63,6,92,6
01.01.2018,4759,SWEETS,BOMBONIERA IMPRESJA 207 G BARON,6,7,95,47,7,9,75,58,5,11,99,71
01.01.2018,7173,SWEETS,BOMBONIERA POMORZANKA 175 G CHOCO,2,4,85,9,7,6,41,12,82,7,89,15
01.01.2018,7364,SWEETS,BORSETO 7 DAYS Z OWOC.LESNYCH 80 G,1,1,21,1,21,1,62,1,62,1,99,1
01.01.2018,11597,CHEMISTRY,BREF 4-FORMULA AKTIV,3,2,89,8,67,3,32,9,95,4,8,12
01.01.2018,11596,CHEMISTRY,BREF 4-FORMULA LEMON,9,2,65,23,85,4,6,36,54,4,99,44
01.01.2018,4122,CHEMISTRY,BREF KULKI BLU AKTIV,1,2,65,2,65,4,6,4,6,4,99,4
01.01.2018,2498,VODKA_ALCOHOL,BRENDY SLONTSCHEW 0_5L 36 VOL,1,16,28,16,28,20,1,20,1,24,72,24
01.01.2018,6766,ICE_CREAMS_FROZEN,BROKUL MROZONY 450 G,2,3,49,6,98,4,66,9,32,4,89,9
01.01.2018,44,ICE_CREAMS_FROZEN,BROKULY MROZONE 450 GR MORDIS,3,4,58,13,74,5,7,17,1,5,99,17
01.01.2018,4388,ICE_CREAMS_FROZEN,BRUKSELKA 450 G,2,3,67,7,34,5,32,10,64,5,59,11
01.01.2018,1437,KETCH_CONCETRATE_MUSTARD_MAJO_HORSERADISH,BRYKIET WEGLA 2_5,1,5,57,5,57,3,66,3,66,4,5,4
01.01.2018,496,CANNED_PATE,BRZOSKWINIE SANDRA 820G,9,3,77,33,93,5,55,49,95,5,99,53
01.01.2018,8064,SWEETS,BUBLE GUM ROLL,3,1,97,5,91,2,84,8,52,3,49,10
01.01.2018,7401,GENERAL_FOOD,BUDYN CZEKOLADOWY DELECTA 64 G,1,0,84,0,84,1,13,1,13,1,22,1
01.01.2018,17382,ICE_CREAMS_FROZEN,BUKIET KROLEWSKI 450G NORDIS,6,1,99,11,94,3,8,22,8,3,99,23
01.01.2018,19595,KETCH_CONCETRATE_MUSTARD_MAJO_HORSERADISH,BULION KNORR GRZYBOWY (3L)60G KOSTKI,2,1,87,3,74,2,77,5,54,2,99,5
01.01.2018,8934,BREAD,BULKA MALA/KAJZERKA__,2499,0,52,1306,5,0,61,1519,79,0,64,1594
01.01.2018,5864,BREAD,BULKA MASLANA MALA1,191,0,5,95,5,0,66,125,17,0,69,130
01.01.2018,6516,KETCH_CONCETRATE_MUSTARD_MAJO_HORSERADISH,BULKA TARTA MAMUT 450 G,9,1,87,16,83,2,34,21,6,2,46,22
01.01.2018,18848,GENERAL_FOOD,BURACZKI WIORKI 360 G SLON.OGR�D,3,1,48,4,44,2,26,6,78,2,44,7
01.01.2018,15434,ICE_CREAMS_FROZEN,BURGERY Z WARZYWAMI LUZ RYBNE,1,15,5,76,6,6,7,84,8,98,8,24
01.01.2018,15291,PACKAGES,BUTELKA-0_33,22,0,42,9,24,0,43,9,46,0,53,11
01.01.2018,8221,BREAD,C BAGIETKA,33,2,5,82,5,2,85,94,21,3,98,89
01.01.2018,3450,BREAD,C BULKA GRAHAMKA/ALPEJSKA,198,0,72,141,84,0,78,154,51,0,82,162
01.01.2018,7780,BREAD,C BULKA SEROWA,232,0,72,168,12,0,94,218,8,0,99,229
01.01.2018,13830,BREAD,C BULKA TARTA 0_5KG,30,1,57,47,1,1,84,55,16,1,93,57
01.01.2018,18718,BREAD,C CHLEB DWORSKI,14,2,48,34,72,3,4,42,56,3,19,44
01.01.2018,3,BREAD,C CHLEB KROJONY 0_6 KG,411,2,58,1061,14,2,87,1180,32,3,1,1238
01.01.2018,9077,BREAD,C CHLEB KROJONY 0_9 KG,45,4,19,188,34,4,65,209,9,4,88,219
01.01.2018,7640,BREAD,C CHLEB KROJONY 250G,49,1,29,63,24,1,46,71,4,1,53,74
01.01.2018,4,BREAD,C CHLEB MAZOWIECKI 600G_,48,1,94,93,3,2,25,108,2,36,113,4
01.01.2018,7103,BREAD,C CHLEB RAZOWY 1KG,8,3,5,28,3,99,31,88,4,19,33,52
01.01.2018,10822,BREAD,C CHLEB TOSTOWY 0_3,6,2,48,14,88,3,4,18,24,3,19,19
01.01.2018,9166,BREAD,C CHLEB WIEJSKI 0.6,42,5,2,57,109,29,2,91,123,67,3,5
01.01.2018,4224,BREAD,C CHLEB ZIARNISTY 300G,44,2,55,112,1,2,79,122,86,2,93,129
01.01.2018,12396,GENERAL_FOOD,C PYZY CIAZYNSKI,46,3,31,152,26,4,2,185,6,4,22,194
01.01.2018,2381,COFFEE TEA,CAPPUCCINO WANILIA MOKATE 110GR,2,2,9,4,18,3,6,3,69,7,38,0
01.01.2018,17706,DRINK_JUICE,CAPPY  1 L JAB?KO,1,3,28,3,28,2,34,2,34,2,46,2
01.01.2018,15363,DRINK_JUICE,CAPPY MULTIWITAMIN 1 L,2,4,22,8,44,5,7,11,4,5,99,11
01.01.2018,8632,GENERAL_FOOD,CHEETOS MIX 70 G,2,2,29,4,58,3,4,6,8,3,19,6
01.01.2018,3441,CHIPS_FLAKES,CHETOS MINIONKI 80 G,4,2,12,8,48,2,72,10,88,2,86,11
01.01.2018,8520,CHIPS_FLAKES,CHETOS UP 16 G,6,0,65,3,9,0,87,5,22,0,91,5
01.01.2018,7620,CHIPS_FLAKES,CHIPSY LAY`S FROMAGE 40G,4,0,99,3,96,0,81,3,24,0,87,3
01.01.2018,8562,BREAD,CHLEB .TOST XXL 750 G...,2,4,64,9,28,6,63,13,26,6,96,13
01.01.2018,4492,GENERAL_FOOD,CHLEB RAZOWY 500G BENUS,4,2,78,11,12,4,6,16,24,4,39,17
01.01.2018,384,GENERAL_FOOD,CHLEB ZYTNI 500G BENUS,4,2,78,11,12,3,56,14,22,3,84,15
01.01.2018,10889,SWEETS,CHRUPKI KUKUR. CELKA 70GR OPAK 25 SZT,89,0,75,66,75,1,1,89,89,1,9,97
01.01.2018,796,DAIRY_CHESSE,CHRUPKI KUKURYDZIANE  60 G,27,1,24,33,42,1,99,53,73,2,9,56
01.01.2018,7844,SWEETS,CHRUPKI KUKURYDZIANE OWOCOWE 80 G,2,1,78,3,56,2,43,4,86,2,55,5
01.01.2018,5647,CHIPS_FLAKES,CHRUPKI OWOCE 45 G,21,0,89,18,69,1,23,25,83,1,29,27
01.01.2018,8432,CHIPS_FLAKES,CHRUPKI STAR HYPER PIZZA 58G,5,1,11,5,55,1,57,7,85,1,65,8
01.01.2018,8501,SWEETS,CHRUPKI STAR ORZECH  58 G,11,1,11,12,21,1,61,17,71,1,69,18
01.01.2018,5736,CHIPS_FLAKES,CHRUPKI TRUSKAWKOWE 80 G,7,1,24,8,68,1,79,12,53,1,88,13
01.01.2018,17562,COOKIES_BULK,CHRUSCIKI /PACZKI LUZ,1,79,14,24,99,15,6,27,85,16,87,30
01.01.2018,4530,SWEETS,CHRUSCIKI/CIASTA ROZNE KG,16,39,21,73,356,15,22,4,367,4,24,19
01.01.2018,17064,KETCH_CONCETRATE_MUSTARD_MAJO_HORSERADISH,CHRZAN DYMECKI 200G,10,1,71,17,1,2,2,22,2,38,23,8
01.01.2018,16742,OCCASIONAL,CHUSTECZKA HIGIENICZNA,119,0,18,21,42,0,28,33,32,0,35,41
01.01.2018,8189,CHEMISTRY,CHUSTECZKI DO KOLOROW 10 SZT,1,6,11,6,11,8,73,8,73,10,74,10
01.01.2018,17206,CHEMISTRY,CHUSTECZKI HAPPY,2,3,11,6,22,4,87,9,74,5,99,11
01.01.2018,17045,CHEMISTRY,CHUSTECZKI HAPPY NAS. 64 SZT,1,3,11,3,11,4,87,4,87,5,99,5
01.01.2018,18575,CHEMISTRY,CHUSTECZKI HAPPY NO 1,20,0,21,4,2,0,32,6,4,0,39,7
01.01.2018,14525,COOKIES_BULK,CIAST.KOWOLKA JEZYKI/KOKOSANKI,2,5,13,9,34,75,8,8,22,9,5,23
01.01.2018,3666,SWEETS,CIASTKA BEZY LUZ,0,91,13,95,12,69,23,13,21,5,25,22
01.01.2018,6062,SWEETS,CIASTKA DESIMO MORELA 135 G,4,1,31,5,24,1,86,7,44,2,29,9
01.01.2018,3759,SWEETS,CIASTKA DESSIMO WISNIOWE 135 G,5,1,28,6,4,1,86,9,3,2,29,11
01.01.2018,5888,COOKIES_BULK,CIASTKA GERARD PSOTKI/KOKOS/KG,0,64,12,7,68,16,25,10,4,20,12,8
01.01.2018,19568,COOKIES_BULK,CIASTKA GERERD MAFIJNE/MARKIZY,1,13,51,13,44,18,62,18,53,22,9,22
01.01.2018,8275,GENERAL,CIASTKA KRAKUSKI DESEROWE Z CUKREM 200G,1,1,96,1,96,2,92,2,92,3,59,3
01.01.2018,8084,SWEETS,CIASTKA KRAKUSKI FLORIANKI 171G,8,2,87,22,99,4,6,32,48,4,99,39
01.01.2018,17219,SWEETS,CIASTKA KRAKUSKI SERDUSZKA 171 G,6,2,9,17,4,4,6,24,36,4,99,29
01.01.2018,17929,SWEETS,CIASTKA KRAKUSKI ZBOZOWE 201 G,2,1,96,3,92,3,65,7,3,4,49,8
01.01.2018,12313,SWEETS,CIASTKA PALUSZKI 144 G POMAR.,5,2,77,13,85,3,8,19,4,67,23,35
01.01.2018,6740,COOKIES_BULK,CIASTKA PRIMAX LUZ,0,18,9,33,1,68,13,83,2,49,17,3
01.01.2018,7735,CHIPS_FLAKES,CIASTKA PRYNCYPALKI KOKOS 235 G,1,3,17,3,17,4,53,4,53,5,57,5
01.01.2018,7515,SWEETS,CIASTKA SONATA 125 G CZEL.MLECZNA,2,2,93,5,86,4,79,9,58,5,89,11
01.01.2018,7514,SWEETS,CIASTKA SONATA 125 G DESEROWA,2,3,45,6,9,4,79,9,58,5,89,11
01.01.2018,8641,SWEETS,CIASTKA TAGUS 29 G TRUSKAWKA,3,0,67,2,1,1,5,3,15,1,29,3
01.01.2018,2158,CHEMISTRY,CLIN DO SZYB 500 ML Z DOZOWNIKIEM,1,3,99,3,99,5,68,5,68,6,99,6
01.01.2018,19335,CHEMISTRY,CLIN LEMON 500 ML Z DOZ.,1,3,99,3,99,5,68,5,68,6,99,6
01.01.2018,2905,CHEMISTRY,CLIN ZAPAS 500 ML,1,2,7,2,7,4,46,4,46,5,49,5
01.01.2018,2906,CHEMISTRY,CLIN ZAPAS 500 ML,1,2,7,2,7,4,46,4,46,5,49,5
01.01.2018,8005,CHEMISTRY,COLGATE SZCZOTECZKA PLUS MEDIUM,2,1,65,3,3,3,3,6,6,4,6,8
01.01.2018,808,DRINK_JUICE,COSTA CZARNA PORZECZKA 2L,1,2,39,2,39,1,9,1,9,2,2,0
01.01.2018,6865,DRINK_JUICE,COSTA JABLKOWA 2L,1,2,4,2,4,3,8,3,8,3,99,3
01.01.2018,4886,GENERAL_FOOD,CUKIER 1KG,8,1,69,13,52,2,12,16,96,2,29,18
01.01.2018,14008,GENERAL_FOOD,CUKIER BIALY 1KG,16,1,69,27,4,2,12,33,92,2,29,36
01.01.2018,9230,GENERAL_FOOD,CUKIER BIALY 1KG,13,1,85,24,5,2,12,27,56,2,29,29
01.01.2018,3810,GENERAL_FOOD,CUKIER PUDER 0_4KG JARACZEWO,16,1,39,22,3,2,3,32,48,2,19,35
01.01.2018,2396,SPICES,CUKIER WANILIOWY 32 G CYKORIA,4,0,49,1,96,0,7,2,8,0,86,3
01.01.2018,9426,SWEETS,CUKIERKI JOJO PIANKA 90G NESTLE,1,1,88,1,88,2,6,2,6,3,2,3
01.01.2018,8426,SWEETS,CUKIERKI JOJO PIANKA ZAKRECONE 90GR NEST,2,1,48,2,96,2,11,4,22,2,59,5
01.01.2018,9314,COOKIES_BULK,CUKIERKI KROWKA WAWEL/SOLIDARNOSC,0,35,14,2,4,97,20,29,7,1,24,97
01.01.2018,6225,COOKIES_BULK,CUKIERKI MIESZ KRAKOWSKA WAWEL,0,84,16,9,14,11,23,58,19,69,28,98
01.01.2018,4848,COOKIES_BULK,CUKIERKI MLECZNE /CHOCO/ROSHEN,1,89,13,55,25,54,18,47,34,81,22,71
01.01.2018,8163,SWEETS,CUKIERKI PUDROWE LUZ,0,49,10,4,9,14,29,7,17,55,8,6
01.01.2018,4458,COOKIES_BULK,CUKIERKI ROSHEN DE LUXE KG,0,19,17,3,23,23,58,4,48,29,5,51
01.01.2018,10335,COOKIES_BULK,CUKIERKI TOFFIX MIX IGLO,1,6,9,91,15,8,16,25,25,92,20,31
01.01.2018,841,COOKIES_BULK,CUKIERKI TRUFLE ODRA LUZ,0,79,14,65,11,5,20,65,16,21,25,39
01.01.2018,8158,MEAT,CWIARTKA Z KURCZAKA KG,0,94,5,59,5,25,7,99,7,5,8,39
01.01.2018,18372,WINE_ALCOHOL 18%,CYDR 0_4 ML LUBELSKI,2,2,77,5,54,3,56,7,12,4,38,8
01.01.2018,4279,WINE_ALCOHOL 18%,CYDR LUBUSKI 1 L,2,6,15,12,3,8,78,17,56,10,8,21
01.01.2018,19261,CIGARETTES,CYGARETKI 1 SZT,2,1,2,1,2,2,4,1,25,2,5,0
01.01.2018,9949,CIGARETTES,CYGARETKI MINI 10 SZT BLU,1,9,66,9,66,10,17,10,17,12,51,12
01.01.2018,4870,GENERAL_FOOD,CYKORIA BUDYN SMIETANKOWY B/C 40 G,13,0,55,7,15,0,73,9,49,0,79,10
01.01.2018,14441,GENERAL_FOOD,CYKORIA KALENDRA 20G,1,0,78,0,78,1,13,1,13,1,39,1
01.01.2018,15306,SPICES,CYKORIA KURKUMA 15 G,2,0,52,1,4,0,7,1,4,0,86,1
01.01.2018,11564,GENERAL_FOOD,CYKORIA SNIEZKA 60 G,3,1,9,3,27,1,5,4,5,1,62,4
01.01.2018,8335,GENERAL,CZARNUSZKA 50 G,1,2,17,2,17,2,86,2,86,3,52,3
01.01.2018,5795,SWEETS,CZEK AMELIA MLECZNA 100G,4,1,39,5,56,2,2,8,8,2,49,9
01.01.2018,1368,GENERAL,CZEK.ALPEN GOLD 90G TRUS.,1,2,13,2,13,3,5,3,5,3,75,3
01.01.2018,8100,SWEETS,CZEKOLADA  ALPEN GOLD ORZ+RODZ 90 G,1,2,13,2,13,3,5,3,5,3,75,3
01.01.2018,15745,SPICES,CZUBRYCA ZIELONA 60 G,1,1,31,1,31,1,64,1,64,1,77,1
01.01.2018,18919,DAIRY_CHESSE,DA ACTIMEL  1 SZT,6,0,94,5,64,1,3,7,81,1,37,8
01.01.2018,8659,DAIRY_CHESSE,DA ACTIVIA 2X120G ?LIWKA MUSLI,5,2,56,12,79,3,51,17,55,3,69,18
01.01.2018,7988,DAIRY_CHESSE,DA ACTIVIA 2X120G TRUSK/MUSLI,3,2,54,7,61,3,51,10,53,3,69,11
01.01.2018,6337,DAIRY_CHESSE,DA DANIO 140 G SASZETKA TRUSK,3,1,91,5,73,2,45,7,35,2,57,7
01.01.2018,3561,DAIRY_CHESSE,DA DANIO 140 G WANILIA SASZETKA,1,1,69,1,69,2,28,2,28,2,39,2
01.01.2018,10695,DAIRY_CHESSE,DA DANIO BRZOSKWINIA 140G,15,1,7,16,5,1,5,22,55,1,58,23
01.01.2018,8106,DAIRY_CHESSE,DA DANIO CZEK+ORZECH 135 G,8,1,7,8,56,1,11,8,84,1,16,9
01.01.2018,8052,DAIRY_CHESSE,DA DANIO WANILIOWY 140G,24,1,7,25,68,1,48,35,44,1,55,37
01.01.2018,17429,DAIRY_CHESSE,DA DANONE GRATKA 115 G,16,0,54,8,64,0,75,12,0,79,12,64
01.01.2018,14892,DAIRY_CHESSE,DA DANONKI MEGA BRZOSK/JAGODA,2,3,71,7,42,5,7,11,4,5,99,11
01.01.2018,7802,DAIRY_CHESSE,DA DANONKI MEGA TRUSKAWKA/BANAN,3,4,73,14,19,6,7,18,21,6,37,19
01.01.2018,3487,DAIRY_CHESSE,DA DANONKI TRUSKAWE 4X50G,1,2,76,2,76,3,8,3,8,3,99,3
01.01.2018,3192,DAIRY_CHESSE,DA DANONKI WANILIOWE 4X50G,3,2,76,8,28,3,17,9,5,3,33,9
01.01.2018,4294,DAIRY_CHESSE,DA FANTASIA 100 G KULKI CZEKOL.,32,1,25,40,5,1,9,60,8,1,99,63
01.01.2018,15905,DAIRY_CHESSE,DA FANTASIA Z CZEKOLADA 110G,14,1,16,16,17,1,9,26,6,1,99,27
01.01.2018,8048,DAIRY_CHESSE,DA FANTASIA Z PLATKAMI CZEK.107G,2,1,55,3,1,1,9,3,8,1,99,3
01.01.2018,7981,DAIRY_CHESSE,DA FANTAZJA LOVE 98 G,3,1,32,3,96,1,9,5,7,1,99,5
01.01.2018,8634,DAIRY_CHESSE,DA FANTAZJA LUCKY 98 G,4,1,49,5,96,2,9,8,36,2,19,8
01.01.2018,7804,DAIRY_CHESSE,DA FANTAZJA TRUSKA 122G,4,1,48,5,92,1,9,7,6,1,99,7
01.01.2018,7803,DAIRY_CHESSE,DA FANTAZJA WISNIA 122G,3,1,14,3,42,0,95,2,85,1,3,0
01.01.2018,18956,DAIRY_CHESSE,DA GRATKA DO PICIA TRUSK.170G,11,0,89,9,79,1,23,13,53,1,29,14
01.01.2018,2731,LUNCH DINING DISHES,DANIE KACHNY FLACZKI W ROSOLE,3,3,9,11,7,5,7,17,1,5,99,17
01.01.2018,2733,LUNCH DINING DISHES,DANIE KACHNY KLOPSIKI,1,2,65,2,65,3,99,3,99,4,19,4
01.01.2018,9150,GENERAL_FOOD,DANIE KACHNY KLOPSIKI 500 G W SOSIE KOPE,1,2,4,2,4,3,99,3,99,4,19,4
01.01.2018,4808,LUNCH DINING DISHES,DANIE KACHNY PULPETY,4,2,78,11,12,4,18,16,72,4,39,17
01.01.2018,7546,GROATS_RICE_PASTA,DANIE KACHNY STROGONOW 500 G,1,4,4,5,7,5,7,5,99,5,99,0
01.01.2018,9701,DAIRY_CHESSE,DELECTA MIX DO SMIETANY,8,0,83,6,64,1,13,9,4,1,22,9
01.01.2018,5269,FISH,DELFINKI RYBNE PANIER.LUZ,1,4,7,48,7,78,9,51,9,89,10,10
01.01.2018,4967,SWEETS,DELICJE POMARANCZOWE 147G,4,2,19,8,76,3,24,12,96,3,99,15
01.01.2018,5331,SWEETS,DELICJE WISNIOWE 294G WEDEL,2,4,23,8,46,5,43,10,86,6,68,13
01.01.2018,1654,DAIRY_CHESSE,DESER JANA CZEKOLADOWY 120G,62,1,31,81,4,1,83,113,3,1,92,118
01.01.2018,1653,DAIRY_CHESSE,DESER JANA WANILIOWY 120GR,20,1,23,24,64,1,58,31,5,1,65,33
01.01.2018,6501,DAIRY_CHESSE,DESER MONTE 120 G KARMEL PLUS ORZECH,1,2,15,2,15,1,43,1,43,1,5,1
01.01.2018,12757,GENERAL_FOOD,DESER MONTE 150 G CZEKOL,24,1,92,45,96,2,37,56,82,2,56,61
01.01.2018,7980,DAIRY_CHESSE,DESER MONTE 150 WHITE,8,1,72,13,76,1,76,14,8,1,9,15
01.01.2018,5595,OCCASIONAL,DLUGOPIS NIEBIESKI,1,0,52,0,52,0,8,0,8,0,99,0
01.01.2018,17591,CHEMISTRY,DOMESTOS 750 ML ATLANTIC,1,5,27,5,27,7,85,7,85,9,66,9
01.01.2018,17590,CHEMISTRY,DOMESTOS 750 ML CITRUS,2,5,49,10,98,7,85,15,7,9,66,19
01.01.2018,6796,GENERAL_FOOD,DR O AROMAT RUMOWY,1,1,7,1,7,1,5,1,5,1,85,1
01.01.2018,6791,SPICES,DR O AROMAT WANILIA 9ML,1,1,7,1,7,1,5,1,5,1,85,1
01.01.2018,690,SPICES,DR O CUKIER WANILIOWY  16G,20,0,52,10,4,0,72,14,4,0,88,17
01.01.2018,8529,GENERAL,DR O KISIEL SLODKA CHWILA 32 G TRUS,1,1,18,1,18,1,69,1,69,1,83,1
01.01.2018,765,SPICES,DR O PROSZEK DO PIECZENIA  30G,11,0,37,4,7,0,72,7,92,0,88,9
01.01.2018,8530,GENERAL,DR OETKER KISIEL SLODKS CHWILA 32 G MAL,7,1,18,8,26,1,69,11,83,1,83,12
01.01.2018,6483,VEGETABLES,DR POLEWA MLECZNA TWARDA,1,1,94,1,94,3,6,3,6,3,76,3
01.01.2018,1367,GENERAL_FOOD,DR.OET BUDYN SLODKA CHWILA WANILIA,4,0,98,3,92,1,37,5,48,1,48,5
01.01.2018,1310,SWEETS,DRAZE SKAWA  CZEKOL.70G,7,0,84,5,88,1,29,9,3,1,59,11
01.01.2018,1308,SWEETS,DRAZE SMIETANKOWE 70G SKAWA,6,0,84,5,4,1,29,7,74,1,59,9
01.01.2018,15499,SWEETS,DROPS EUKALIPTUS,2,0,61,1,22,0,88,1,76,1,8,2
01.01.2018,4690,CHEWING_GUM_LOLIPOPS,DROPS HALLS MENTOL LUPTUS,12,1,35,16,2,1,94,23,24,2,39,28
01.01.2018,3094,SWEETS,DROPS HALLS MIOD CYTRYNA 33_5G,2,1,51,3,2,2,2,4,4,2,49,4
01.01.2018,4689,SWEETS,DROPS HALLS ORGINAL 33_5G *20,6,1,35,8,1,2,2,12,12,2,49,14
01.01.2018,8583,GENERAL,DROZDZE BABUNI 100G,9,0,64,5,76,0,7,6,27,0,86,7
01.01.2018,368,DAIRY_CHESSE,DROZDZE BABUNI ROTEX,37,0,8,29,51,1,4,38,33,1,27,47
01.01.2018,8887,BREAD,DROZDZOWKA DROZDZOWA,174,1,33,231,36,1,51,263,37,1,64,284
01.01.2018,15491,GENERAL_FOOD,DZEM SL.OGROD WISNIA 280G,5,1,81,9,5,2,49,12,45,2,69,13
01.01.2018,16186,KETCH_CONCETRATE_MUSTARD_MAJO_HORSERADISH,DZEM SLONECZNY OGROD BRZOSKWINIOWY 280G.,4,1,74,6,96,2,49,9,96,2,69,10
01.01.2018,19847,KETCH_CONCETRATE_MUSTARD_MAJO_HORSERADISH,DZEM SLONECZNY OGROD CZARNA PORZECZ.280G,2,1,81,3,62,2,49,4,98,2,69,5
01.01.2018,16152,KETCH_CONCETRATE_MUSTARD_MAJO_HORSERADISH,DZEM SLONECZNY OGROD TRUSKAWKOWY 280G,11,1,81,19,91,2,49,27,39,2,69,29
01.01.2018,6118,KETCH_CONCETRATE_MUSTARD_MAJO_HORSERADISH,DZEM TRUSKAWKA 310 G WYSOKOS?ODZONY,1,3,28,3,28,4,16,4,16,4,49,4
01.01.2018,17286,GENERAL_FOOD,DZEM WISNIOWY WY/SLODZ 310 G,1,3,28,3,28,4,16,4,16,4,49,4
01.01.2018,3579,CHEMISTRY,E PLYN DO PLUKANIA 1 L,2,4,59,9,18,6,5,13,7,99,15,98
01.01.2018,4310,COFFEE TEA,EKOLAND HERBATA MULTIVITA 300GR TOR,1,2,49,2,49,3,69,3,69,3,99,3
01.01.2018,4415,COFFEE TEA,EKOLAND HERBATA OWOCE LE?NE 300GR TOR,9,2,49,22,41,3,69,33,21,3,99,35
01.01.2018,6603,SWEETS,EUROPAPIER DUZY,1,0,27,0,27,0,5,0,5,0,62,0
01.01.2018,8473,ART._HYGIENIC,EVA MYDLO W PLYNIE Z DOZ 500 MML,1,3,71,3,71,5,68,5,68,6,99,6
01.01.2018,5571,CHEMISTRY,EVA SIMPLA ZEL DO MYCIA 500 ML,1,3,62,3,62,5,59,5,59,6,87,6
01.01.2018,8026,CHEMISTRY,EVA SIMPLE 500 ML Z OWSEM,1,3,63,3,63,5,59,5,59,6,87,6
01.01.2018,4950,CHEMISTRY,FAIRY 1 L APPLE,5,4,34,21,71,6,41,32,5,7,89,39
01.01.2018,11440,SPICES,FASOLA  PIEKNY JAS 400G KROS,1,3,71,3,71,5,7,5,7,5,99,5
01.01.2018,17515,GROATS_RICE_PASTA,FASOLA 400 G P.JAS MALVIT,1,4,13,4,13,5,7,5,7,5,99,5
01.01.2018,11441,SPICES,FASOLA BIALA  500 G,4,4,93,19,72,5,7,22,8,5,99,23
01.01.2018,8591,GENERAL,FASOLA BIALA 400G SLON.OGROD,4,1,18,4,72,1,84,7,36,1,99,7
01.01.2018,15998,KETCH_CONCETRATE_MUSTARD_MAJO_HORSERADISH,FASOLA CZERWONA SLONECZNY OGROD 400G.,6,1,47,8,82,2,31,13,86,2,49,14
01.01.2018,2640,CANNED_PATE,FASOLA CZERWONA.DAWTONA 400G,5,1,63,8,15,2,31,11,55,2,49,12
01.01.2018,8410,GENERAL,FASOLA PIEKNY JAS 400 SARITA,4,2,37,9,48,3,39,13,56,3,56,14
01.01.2018,8531,GENERAL,FASOLKA Z�?TA 400 G MROZONA,1,3,27,3,27,4,61,4,61,4,84,4
01.01.2018,4991,FISH,FILET  ZAPIEKANY SEREM ZOLTYM,0,96,23,5,22,44,23,57,22,51,24,76
01.01.2018,1780,FISH,FILET Z LIMANDA MROZONY KG,0,6,13,2,7,92,18,8,10,85,18,98
01.01.2018,5839,FISH,FILET Z MINTAJA MROZONY,1,62,6,36,10,27,7,49,12,9,7,87
01.01.2018,13665,ICE_CREAMS_FROZEN,FILET Z MIRUNY,2,33,16,35,38,2,19,99,46,47,20,99
01.01.2018,8157,MEAT,FILET Z PIERSI KURCZAKA KG,0,93,16,62,15,46,21,31,19,82,22,38
01.01.2018,18833,FISH,FILETY SLEDZ_W OLEJU 170 G,1,2,68,2,68,3,32,3,32,3,49,3
01.01.2018,18750,FISH,FILETY SLEDZ_W SMIETANIE MARINUS 250 G,6,3,71,22,26,4,94,29,64,5,19,31
01.01.2018,17,FISH,FILETY SLEDZ.ALA MATJAS 275 G,3,4,9,12,27,2,63,7,89,2,76,8
01.01.2018,13610,FISH,FILETY SLEDZIOWE OPIEKANE 800G,8,7,43,59,44,10,47,83,76,10,99,87
01.01.2018,5844,FISH,FILETY SLEDZIOWE W OLEJU 170 G,2,2,37,4,74,3,8,7,6,3,99,7
01.01.2018,7784,FISH,FILETY SLEDZIOWE W OLEJU 170 G LISNER,1,3,62,3,62,4,96,4,96,5,21,5
01.01.2018,5842,FISH,FILETY SLEDZIOWE W POMID.175 G,1,4,4,5,13,5,13,5,39,5,39,0
01.01.2018,19465,FISH,FILETY SLEDZIOWE W POMIDZ.170 G,5,2,51,12,55,3,32,16,6,3,49,17
01.01.2018,18878,FISH,FILETY SLEDZIOWE W SMIET 250 G SOS MUSZT,1,3,71,3,71,2,48,2,48,2,6,2
01.01.2018,16080,FISH,FILETY Z MAKRELI W POMID.175 G,1,2,85,2,85,3,76,3,76,3,95,3
01.01.2018,8454,FISH,FILETY Z MAKRELI W SOSIE POMID.170 G GRA,2,3,72,7,44,5,1,10,2,5,36,10
01.01.2018,8322,MEAT,FLAKI WOLOWE LUZ,2,77,10,3,28,56,6,66,18,48,7,19
01.01.2018,7699,FISH,FLIETY Z MAKRELI 100G ALA KETCHUP,3,3,62,10,86,4,94,14,82,5,19,15
01.01.2018,18817,CHEMISTRY,FOLIA ALUMINIOWA 10 M ANNA,1,2,23,2,23,3,24,3,24,3,99,3
01.01.2018,7112,CHEMISTRY,FOLIA ALUMINIOWA 10M PAN PACK,10,1,76,17,6,2,76,27,6,3,39,33
01.01.2018,8627,DRINK_JUICE,FORTUNA SOK POMARANCZ 0_3,12,1,8,21,6,1,99,23,88,2,9,25
01.01.2018,8983,GENERAL_FOOD,FRYTKI  KARBOWANE  750G,6,5,74,34,44,6,97,41,84,7,32,43
01.01.2018,3452,ICE_CREAMS_FROZEN,FRYTKI KARBOWA 450 G,3,3,18,9,54,3,48,10,44,3,65,10
01.01.2018,13422,ICE_CREAMS_FROZEN,FRYTKI KARBOWANE  NORDIS 750G,2,3,27,6,54,4,75,9,5,4,99,9
01.01.2018,8037,ICE_CREAMS_FROZEN,FRYTKI ORGINA? 750 G IGLOT,6,5,22,31,32,7,5,42,3,7,4,44
01.01.2018,18440,CHEMISTRY,GABKA DO KAPIELI I MASAZU,8,1,26,10,1,1,82,14,56,2,24,17
01.01.2018,3774,MEAT,GALANTYNA Z DROBIEM KG,0,34,14,63,4,9,18,9,6,6,18,99
01.01.2018,4274,SPICES,GALEO CZOSNEK GRANULOWANY 16 G,7,0,83,5,81,1,19,8,33,1,29,9
01.01.2018,986,SPICES,GALEO KMINEK 12 G,1,0,89,0,89,1,21,1,21,1,49,1
01.01.2018,5183,DAIRY_CHESSE,GALEO KWASWK CYTR,1,0,55,0,55,1,13,1,13,1,39,1
01.01.2018,4989,SPICES,GALEO LISC LAUROWY 5 G,13,0,7,9,1,1,13,14,69,1,39,18
01.01.2018,5201,SPICES,GALEO MAJERANEK 6 G,7,0,7,4,9,1,1,7,7,1,19,8
01.01.2018,992,SPICES,GALEO PAPRYKA OSTRA 20G,1,0,64,0,64,1,13,1,13,1,39,1
01.01.2018,993,SPICES,GALEO PAPRYKA SLODKA 16 G,3,0,77,2,31,1,13,3,39,1,39,4
01.01.2018,4836,SPICES,GALEO PIEPRZ CZARNY MIELONY,7,0,7,4,9,1,13,7,91,1,39,9
01.01.2018,3569,SPICES,GALEO PIEPRZ ZIOLOWY 12 G,4,0,9,3,6,1,19,4,76,1,29,5
01.01.2018,1001,SPICES,GALEO PRZYP.DO KURCZAKA 25G,3,0,8,2,4,1,29,3,87,1,39,4
01.01.2018,999,SPICES,GALEO PRZYPRAWA DO FLAKOW 20G,1,0,89,0,89,1,19,1,19,1,29,1
01.01.2018,8567,SPICES,GALEO PRZYPRAWA DO RYB CYTRYNA,2,0,88,1,76,1,29,2,58,1,39,2
01.01.2018,13001,SPICES,GALEO PRZYPRAWA DO ZIEMNIAKOW,5,0,88,4,4,1,19,5,95,1,29,6
01.01.2018,3517,SPICES,GALEO SODA OCZYSZCZONA 24 GG,2,0,49,0,98,0,72,1,44,0,89,1
01.01.2018,997,SPICES,GALEO ZIELE ANGIELSKIE 12G,9,0,79,7,11,1,5,9,45,1,29,11
01.01.2018,5505,SPICES,GALEO ZIOLA PROWANSALSKIE 10GR,4,0,7,2,8,1,19,4,76,1,29,5
01.01.2018,3868,GENERAL_FOOD,GELLWE CUKIER WANILIOWY 15G,10,0,45,4,5,0,64,6,4,0,79,7
01.01.2018,18549,CHIPS_FLAKES,GELLWE FITELLA MUSLI BANANOWE,1,0,83,0,83,1,32,1,32,1,39,1
01.01.2018,18550,CHIPS_FLAKES,GELLWE FITELLA MUSLI TROPIKALNE,2,0,83,1,66,1,32,2,64,1,39,2
01.01.2018,18551,CHIPS_FLAKES,GELLWE FITELLA MUSLI TRUSKAWKA,1,0,83,0,83,1,32,1,32,1,39,1
01.01.2018,4574,GENERAL_FOOD,GELLWE GALARETKA AGREST 79G,1,0,94,0,94,1,47,1,47,1,59,1
01.01.2018,16803,GENERAL_FOOD,GELLWE KISIEL CYTRYNOWY 38G,9,0,55,4,95,0,82,7,38,0,89,8
01.01.2018,8912,SPICES,GELLWE SODA OCZYSZCZONA 80G,1,0,45,0,45,0,79,0,79,0,97,0
01.01.2018,8536,GENERAL_FOOD,GELLWE ZELATYNA 20 G,4,1,39,5,56,1,99,7,96,2,15,8
01.01.2018,545,CHEMISTRY,GILLETTE MASZYNKA BLU 2 PLUS,26,1,53,39,78,2,16,56,16,2,66,69
01.01.2018,15654,CIGARETTES,GILZT GAPARD 100+25,6,1,29,7,74,1,54,9,24,1,89,11
01.01.2018,12580,CIGARETTES,GILZY GULIWER 300+50GRAT,5,3,61,18,7,4,16,20,78,5,11,25
01.01.2018,8472,CIGARETTES,GILZY PS 250 SZT,4,2,98,11,92,3,55,14,2,4,37,17
01.01.2018,18960,GENERAL_FOOD,GLUGOPIS Z CUKIERKAMI,1,3,76,3,76,6,27,6,27,7,71,7
01.01.2018,10454,SWEETS,GOFRY KOKOS 100,3,2,14,6,42,2,84,8,52,3,49,10
01.01.2018,10687,SWEETS,GOFRY SEZAM 100 G,8,2,14,17,12,2,84,22,72,3,49,27
01.01.2018,10452,SWEETS,GOFRY SLODKIE 100 G,14,2,14,29,96,2,84,39,76,3,49,48
01.01.2018,8395,GENERAL,GOLARKA VENUS 2 SZT,1,2,4,2,4,4,38,4,38,5,39,5
01.01.2018,13943,SWEETS,GOPL CZEKOLADA GORZKA 90 G,11,1,99,21,89,2,76,30,36,3,39,37
01.01.2018,1290,SWEETS,GOPL CZEKOLADA MLECZNA 90G,9,1,99,17,91,2,76,24,84,3,39,30
01.01.2018,7899,SWEETS,GOPL PRALINY JEY ME 27 G,1,0,84,0,84,1,37,1,37,1,69,1
01.01.2018,18187,SWEETS,GOPL.CUKIERKI MIETA 90G,2,1,5,2,1,1,46,2,92,1,79,3
01.01.2018,17971,SWEETS,GOPL.LANDRYNY BRANDO 90G,8,1,4,8,35,1,46,11,68,1,79,14
01.01.2018,17970,SWEETS,GOPLANA EXTRA MIETA EXTRA MOCNE,9,0,92,8,28,1,37,12,33,1,69,15
01.01.2018,1374,DAIRY_CHESSE,GOS.MASLANKA NATURALNA,23,2,29,52,67,2,85,65,55,2,99,68
01.01.2018,374,DAIRY_CHESSE,GOS.MASLO 250G GOSTYN,396,6,26,2477,68,6,63,2624,4,6,95,2754
01.01.2018,1373,DAIRY_CHESSE,GOS.MLEKO CODZIENNE 2_%,218,2,15,468,7,2,61,569,24,2,74,597
01.01.2018,1359,DAIRY_CHESSE,GOS.MLEKO KAJMAK WANILIOWE 510 G,1,6,14,6,14,3,86,3,86,4,5,4
01.01.2018,16983,DAIRY_CHESSE,GOS.MLEKO PUSZKA 510 GR KR�WKOWE S?/ZAG,1,4,89,4,89,7,61,7,61,7,99,7
01.01.2018,3147,DAIRY_CHESSE,GOS.MLEKO TUBA KAKAO GOSTYN,9,2,59,23,31,3,42,30,78,3,59,32
01.01.2018,1177,DAIRY_CHESSE,GOS.MLEKO UHT 2% 0_5L GOSTYN,15,1,46,21,9,2,9,31,35,2,19,32
01.01.2018,1174,DAIRY_CHESSE,GOS.MLEKO UHT 2% 1L GOSTYN,31,2,32,71,9,3,8,95,47,3,24,100
01.01.2018,1176,DAIRY_CHESSE,GOS.MLEKO UHT 3_2% 0_5L GOSTYN,21,1,55,32,55,2,9,43,89,2,19,45
01.01.2018,1175,DAIRY_CHESSE,GOS.MLEKO UHT 3_2% 1L GOSTYN,38,2,38,90,44,3,22,122,37,3,38,128
01.01.2018,15590,DAIRY_CHESSE,GOS.MLEKO Z BLONIKIEM 500G,16,3,52,56,32,4,61,73,76,4,84,77
01.01.2018,1172,DAIRY_CHESSE,GOS.MLEKO ZAG. NIESL.200G GOSTYN,8,1,44,11,52,2,9,16,72,2,19,17
01.01.2018,1173,DAIRY_CHESSE,GOS.MLEKO ZAGESZCZ.500ML GOSTYN,2,3,18,6,36,3,8,7,6,3,99,7
01.01.2018,9391,DAIRY_CHESSE,GOS.MLEKO ZAGESZCZ.NIE/S?.Z MAGNEZEM 500,13,3,25,42,25,4,95,64,35,5,2,67
01.01.2018,1477,DAIRY_CHESSE,GOS.MLEKO ZAGESZCZ/SLODZONE 533G,1,5,9,5,9,6,62,6,62,6,95,6
01.01.2018,1178,DAIRY_CHESSE,GOS.SMIETANKA 12% 250ML GOSTYN,62,1,48,91,76,2,35,145,7,2,47,153
01.01.2018,1179,DAIRY_CHESSE,GOS.SMIETANKA 18% 250ML GOSTYN,57,1,76,100,32,2,47,140,79,2,59,147
01.01.2018,3829,DAIRY_CHESSE,GOS.SMIETANKA 30% 1L GOSTYN,5,6,11,30,55,5,33,26,65,5,59,27
01.01.2018,1180,DAIRY_CHESSE,GOS.SMIETANKA 30% 250ML GOSTYN,32,2,55,81,6,3,8,121,6,3,99,127
01.01.2018,1181,DAIRY_CHESSE,GOS.SMIETANKA 30% 500ML GOSTYN,16,5,81,92,96,7,61,121,76,7,99,127
01.01.2018,4026,DAIRY_CHESSE,GOS.TWAROG POLTLUSTY/CHUDY LUZ,3,3,10,89,32,94,6,67,20,17,7,21
01.01.2018,6712,CHEMISTRY,GRA PODROZNA WIEZOWIEC,1,13,64,13,64,19,49,19,49,23,97,23
01.01.2018,11155,GROATS_RICE_PASTA,GROCH POL�WKI 0_5 KG STEFIK,9,1,43,12,87,1,9,17,1,1,99,17
01.01.2018,7955,GROATS_RICE_PASTA,GROCH ?�?YT CA?Y 400GR CENOS,1,1,4,1,4,1,9,1,9,1,99,1
01.01.2018,8854,CANNED_PATE,GROSZEK BONDUELLE 400G.,2,1,7,3,4,2,95,5,9,3,19,6
01.01.2018,4313,GENERAL_FOOD,GROSZEK KON.SLONECZNY OGROD,6,1,18,7,8,1,75,10,5,1,89,11
01.01.2018,18220,SWEETS,GRZESKI B/CZEKOL DZIEL,29,0,6,17,4,0,8,23,2,0,99,28
01.01.2018,18815,SWEETS,GRZESKI GOFROWE 33G,4,0,61,2,44,1,21,4,84,1,49,5
01.01.2018,17933,SWEETS,GRZESKI W CZEKOLADZIE 36 G,50,0,79,39,5,0,97,48,5,1,19,59
01.01.2018,1522,CHEWING_GUM_LOLIPOPS,GUMA AIRWAVES PORZECZKA DRAZE,9,1,44,12,96,2,3,18,27,2,19,19
01.01.2018,16649,CHEWING_GUM_LOLIPOPS,GUMA ARBUZ,24,0,27,6,48,0,45,10,8,0,55,13
01.01.2018,1482,CHEWING_GUM_LOLIPOPS,GUMA FOOTBALL EURO/TURBO,3,0,13,0,39,0,32,0,96,0,39,1
01.01.2018,19818,CHEWING_GUM_LOLIPOPS,GUMA MAMBA,27,0,46,12,42,0,85,22,95,1,5,28
01.01.2018,8093,SWEETS,GUMA MOIST,10,0,15,1,5,0,24,2,4,0,3,3
01.01.2018,1874,CHEMISTRY,GUMA ORBIT 5 LIST.,1,0,93,0,93,1,28,1,28,1,38,1
01.01.2018,8514,CHEWING_GUM_LOLIPOPS,GUMA ORBIT APPLE DRAZE,3,1,3,3,9,1,84,5,52,1,99,5
01.01.2018,14454,CHEWING_GUM_LOLIPOPS,GUMA ORBIT BAG PEPPERMINT,4,2,25,9,3,13,12,52,3,38,13,52
01.01.2018,14444,CHEWING_GUM_LOLIPOPS,GUMA ORBIT BAG SPEARMINT,3,2,25,6,75,3,13,9,39,3,38,10
01.01.2018,14679,CHEWING_GUM_LOLIPOPS,GUMA ORBIT BAG WINTERFRESH,1,2,1,2,1,2,95,2,95,3,19,3
01.01.2018,17823,CHEWING_GUM_LOLIPOPS,GUMA ORBIT BUBLEMINT DRAZE,2,1,46,2,92,2,3,4,6,2,19,4
01.01.2018,1512,CHEWING_GUM_LOLIPOPS,GUMA ORBIT PEPERMINT DRAZE,6,1,46,8,76,2,3,12,18,2,19,13
01.01.2018,15399,CHEWING_GUM_LOLIPOPS,GUMA ORBIT SPERMINT DRAZE,7,1,46,10,22,2,3,14,21,2,19,15
01.01.2018,1514,CHEWING_GUM_LOLIPOPS,GUMA ORBIT SPIRMINT DRAZE,23,1,4,32,28,1,89,43,46,2,4,46
01.01.2018,12891,CHEWING_GUM_LOLIPOPS,GUMA ORBIT STRAWBERRY DRAZE,5,1,46,7,3,2,3,10,15,2,19,10
01.01.2018,2842,CHEWING_GUM_LOLIPOPS,GUMA ORBIT WHIT TOREBKA 25 FRESH,1,2,9,2,9,3,5,3,5,3,29,3
01.01.2018,1524,CHEWING_GUM_LOLIPOPS,GUMA ORBIT WHITE DRAZE,1,1,46,1,46,2,3,2,3,2,19,2
01.01.2018,8062,SWEETS,GUMA PUSH,1,0,63,0,63,0,8,0,8,0,99,0
01.01.2018,8063,SWEETS,GUMA ROSPUSZCZALNA SZCZELAJACA WAIRDS,4,0,82,3,28,1,21,4,84,1,49,5
01.01.2018,7843,SWEETS,GUMA ROZPUSZCZALNA KREDKA,2,0,14,0,28,0,23,0,46,0,28,0
01.01.2018,2122,CHEWING_GUM_LOLIPOPS,GUMA WINTERFRESH DRAZE,17,1,44,24,48,2,3,34,51,2,19,37
01.01.2018,6671,CHEWING_GUM_LOLIPOPS,GUMA WRIGLEYS FRUIT 5 LISTKOW,1,0,92,0,92,1,32,1,32,1,62,1
01.01.2018,2989,CHEWING_GUM_LOLIPOPS,GUMA Z TATUAZEM,1,0,13,0,13,0,22,0,22,0,27,0
01.01.2018,5816,OCCASIONAL,GUMKA DO MAZANIA,1,0,98,0,98,1,4,1,4,1,72,1
01.01.2018,8636,GENERAL,HALLES LIMON,1,1,39,1,39,2,2,2,2,2,49,2
01.01.2018,8310,SWEETS,HALLOW FIZZ,5,0,39,1,95,0,56,2,8,0,69,3
01.01.2018,4072,SWEETS,HALLS DROPS FRUIT,4,1,33,5,32,2,2,8,8,2,49,9
01.01.2018,5321,DRINK_JUICE,HELANA N/G 1_75 JAB+RABARBER,5,2,44,12,2,3,54,17,7,3,72,18
01.01.2018,4943,DRINK_JUICE,HELLENA  ZIELONE JAB?KO N/G 1_75 L,2,2,44,4,88,3,54,7,8,3,72,7
01.01.2018,11535,DRINK_JUICE,HELLENA 1_25 GAZ LEMONIADA,7,1,57,10,99,1,99,13,93,2,45,17
01.01.2018,1770,DRINK_JUICE,HELLENA 1_75 L N/G  POMARANCZOWY,6,1,66,9,96,2,43,14,58,2,99,17
01.01.2018,17397,KETCH_CONCETRATE_MUSTARD_MAJO_HORSERADISH,HELLENA 1_75 L N/GAZ WINOGRONO,6,1,66,9,96,2,43,14,58,2,99,17
01.01.2018,6960,COOKIES_BULK,HELLENA FIT 1_25 GAZ,1,1,6,1,6,1,4,1,4,1,28,1
01.01.2018,16702,KETCH_CONCETRATE_MUSTARD_MAJO_HORSERADISH,HELLENA GRUSZKA N/GAZ.1_75L,2,1,66,3,32,2,43,4,86,2,99,5
01.01.2018,886,DRINK_JUICE,HELLENA ORANZADA BIALA 1_25K GAZ,2,1,35,2,7,1,99,3,98,2,45,4
01.01.2018,887,DRINK_JUICE,HELLENA ORANZADA ZOLTA 1_25L GAZ,12,1,35,16,2,2,27,27,24,2,79,33
01.01.2018,6593,KETCH_CONCETRATE_MUSTARD_MAJO_HORSERADISH,HELLENA ORENZADA CZERWONA 1_25 L GA,29,1,31,37,95,2,23,64,7,2,74,79
01.01.2018,16810,DRINK_JUICE,HELLENA WISNIA N/G 1_75L NAPOJ,4,1,66,6,64,2,43,9,72,2,99,11
01.01.2018,2889,CHEMISTRY,HELP  1 L DO NACZYN CYTRYNA,5,1,39,6,95,1,97,9,86,2,42,12
01.01.2018,17678,CHEMISTRY,HELP 1 L UNIWERSALNY,2,2,78,5,56,3,95,7,9,4,86,9
01.01.2018,7222,CHEMISTRY,HELP 300 G WHITE,1,1,39,1,39,1,94,1,94,2,39,2
01.01.2018,7152,CHEMISTRY,HELP PLYN DO PLUKANIA 1 L FRESH,1,2,34,2,34,3,72,3,72,4,58,4
01.01.2018,7081,KETCH_CONCETRATE_MUSTARD_MAJO_HORSERADISH,HER.EXP.MALWA ARONIA x25,3,2,69,8,7,1,89,5,68,2,33,6
01.01.2018,4501,COFFEE TEA,HER.GRANULOW.INDYJ 80G CONSUM,6,1,7,6,42,1,45,8,7,1,78,10
01.01.2018,1340,COFFEE TEA,HERB MINUTKA 40TOR EXPRES,4,1,39,5,56,2,37,9,48,2,92,11
01.01.2018,18206,COFFEE TEA,HERB RUMIANEK 20 EX POSTI,4,1,11,4,44,2,34,9,36,2,88,11
01.01.2018,4561,COFFEE TEA,HERB SZA?WIA 20 T VITAX,1,2,43,2,43,3,24,3,24,3,99,3
01.01.2018,8577,COFFEE TEA,HERB ZIELONA Z CYTRYNA 20 EX POSTI,5,1,94,9,7,2,78,13,9,3,42,17
01.01.2018,1339,COFFEE TEA,HERB.MINUTKA EXP 100SZT,5,2,59,12,95,3,89,19,45,4,79,23
01.01.2018,588,COFFEE TEA,HERB.SAGA EXPR.20SZT,2,1,19,2,38,1,71,3,42,2,1,4
01.01.2018,5481,COFFEE TEA,HERBATA EXP.100T.AKBAR,1,10,22,10,22,12,19,12,19,14,99,14
01.01.2018,8439,COFFEE TEA,HERBATA LOYD PIRAMIDKA 20 SZT,1,3,53,3,53,4,79,4,79,5,89,5
01.01.2018,9686,COFFEE TEA,HERBATA MELISA POSTI 20EX,3,1,21,3,63,1,48,4,45,1,83,5
01.01.2018,2031,COFFEE TEA,HERBATA MINUTKA CYTRYNA 40 EX,1,1,39,1,39,2,2,2,2,2,49,2
01.01.2018,4829,COFFEE TEA,HERBATA MINUTKA EARL GREY 40 T,1,1,49,1,49,2,37,2,37,2,92,2
01.01.2018,15865,COFFEE TEA,HERBATA POKRZYWA 20 T POSTI,2,1,11,2,22,2,63,5,26,3,23,6
01.01.2018,7180,COFFEE TEA,HERBATA TETLAY 25 EX,1,1,76,1,76,2,59,2,59,3,19,3
01.01.2018,6818,SWEETS,HERBATNIK PETIT BEURRE50 G JUTRZENKA,11,0,51,5,61,0,8,8,8,0,99,10
01.01.2018,8951,SWEETS,HERBATNIKI MALTANKI 80G LAJK,4,1,43,5,72,2,2,8,8,2,49,9
01.01.2018,8533,DAIRY_CHESSE,HOCH SER Z�?TY MAASDAMER PLASTRY 135 G,2,2,8,5,6,4,28,8,56,4,49,8
01.01.2018,1240,DAIRY_CHESSE,HOCH.TWAR. KANAPKOWY SMIETANA 130G,6,1,79,10,74,2,56,15,36,2,69,16
01.01.2018,1241,DAIRY_CHESSE,HOCHL KANAPKOWY Z OGORKIEM 130 G,15,1,79,26,85,2,5,30,73,2,15,32
01.01.2018,5391,DAIRY_CHESSE,HOCHL KRAZEK 180 G KWARTETT,1,3,49,3,49,5,38,5,38,5,65,5
01.01.2018,1129,DAIRY_CHESSE,HOCHL PLAST.TOP. TOST 150G,4,2,76,11,4,3,8,15,2,3,99,15
01.01.2018,2434,DAIRY_CHESSE,HOCHL SER TOP GOUDA BLOK 100G,8,1,66,13,28,2,9,16,72,2,19,17
01.01.2018,1137,DAIRY_CHESSE,HOCHL SMIETANKOW 100 G TOPIONY,45,1,66,74,7,2,9,94,5,2,19,98
01.01.2018,6664,DAIRY_CHESSE,HOCHL. KRAZEK 180 G ZIOLA,1,3,49,3,49,5,38,5,38,5,65,5
01.01.2018,1244,DAIRY_CHESSE,HOCHL.KRAZEK 180 G SORTETT,1,3,49,3,49,5,38,5,38,5,65,5
01.01.2018,1140,DAIRY_CHESSE,HOCHL.PAPRYKA 100G BLOK,2,1,57,3,14,2,9,4,18,2,19,4
01.01.2018,1138,DAIRY_CHESSE,HOCHL.SALAMI 100G,10,1,66,16,6,2,9,20,9,2,19,21
01.01.2018,1135,DAIRY_CHESSE,HOCHL.SZCZYP.CEB.100G BLOK TOPIONY,4,1,71,6,84,2,9,8,36,2,19,8
01.01.2018,1136,DAIRY_CHESSE,HOCHL.SZYNKA 100G BLOK TOPIONY,8,1,66,13,28,2,9,16,72,2,19,17
01.01.2018,1134,DAIRY_CHESSE,HOCHL.ZIOLA 100G BLOK TOPIONY,5,1,66,8,3,2,9,10,45,2,19,10
01.01.2018,7257,COFFEE TEA,HWEB SAGA SLIWKA EX 25 T,4,3,49,13,96,4,37,17,48,5,38,21
01.01.2018,7184,COFFEE TEA,JACOBS KAWA 75 G UZUPELN,1,6,81,6,81,8,12,8,12,9,99,9
01.01.2018,190,COFFEE TEA,JACOBS KRONUNG 100G MIELONA,3,3,49,10,47,4,6,12,18,4,99,14
01.01.2018,9025,COFFEE TEA,JACOBS KRONUNG 250G,12,7,93,95,19,9,34,112,13,11,49,137
01.01.2018,6074,SWEETS,JACOBS VELVET  100G ROSP.SLOIK,1,9,53,9,53,11,66,11,66,14,34,14
01.01.2018,2151,EGGS,JAJA LIPOWCZYK 6 SZT,39,3,2,124,8,4,156,4,2,163,8,0
01.01.2018,67,EGGS,JAJKA 10 SZT LIPOWCZYK,82,5,15,422,3,6,32,518,42,6,64,544
01.01.2018,5738,SWEETS,JAJKO Z NIESPODZ FCB,3,2,29,6,87,3,24,9,72,3,99,11
01.01.2018,5876,SWEETS,JAJKO Z NIESPODZIANKA,40,2,28,91,2,3,8,123,2,3,79,151
01.01.2018,8202,SWEETS,JAJKO Z NIESPODZIANKA,24,2,28,54,72,3,8,73,92,3,79,90
01.01.2018,8288,SWEETS,JAJKO Z NIESPODZIANKA,2,2,29,4,58,3,24,6,48,3,99,7
01.01.2018,15412,DAIRY_CHESSE,JOGOBELA 150 G 0 %,84,0,77,64,68,1,32,110,88,1,39,116
01.01.2018,4902,DAIRY_CHESSE,JOGOBELA MUSLI 150 G,12,1,29,15,48,1,66,19,92,1,79,21
01.01.2018,17085,DAIRY_CHESSE,JOGOBELA ZE ZBOZAMI 200 G,12,1,76,21,12,2,25,27,2,43,29,16
01.01.2018,2034,DAIRY_CHESSE,JOGOBELLA 150G CLASSIC,183,0,91,165,93,1,31,240,24,1,38,252
01.01.2018,7483,DAIRY_CHESSE,JOGOBELLA 150G SPECJAL,19,1,16,22,4,1,32,25,8,1,39,26
01.01.2018,1348,DAIRY_CHESSE,JOGOBELLA 150G STANDARD,46,1,15,52,9,1,32,60,72,1,39,63
01.01.2018,2313,DAIRY_CHESSE,JOGOBELLA EXOTIC 150G,1,1,15,1,15,1,32,1,32,1,39,1
01.01.2018,2973,OCCASIONAL,JOGURT FINEZJA 4*115 G,5,3,71,18,55,4,2,20,12,4,22,21
01.01.2018,18722,DRINK_JUICE,JOGURT GRECKI 150 G JAGODA,9,1,27,11,43,1,79,16,11,1,88,16
01.01.2018,18721,DRINK_JUICE,JOGURT GRECKI 150 G TRUSK.,6,1,27,7,62,1,64,9,85,1,72,10
01.01.2018,8192,DAIRY_CHESSE,JOGURT NATURALNY 200 G BIO,1,1,4,1,4,1,9,1,9,1,99,1
01.01.2018,4537,GENERAL,JOGURT NATURALNY 330 G GRECKI,3,2,77,8,31,3,42,10,25,3,59,10
01.01.2018,6846,DAIRY_CHESSE,JOGURT NATURALNY ZOTT 370GR,20,1,69,33,8,2,75,55,2,89,57,8
01.01.2018,11486,DAIRY_CHESSE,JOGURT OW.WYSPA ZOTT 150 G,7,1,66,11,61,1,79,12,55,1,88,13
01.01.2018,2312,DAIRY_CHESSE,JOGURT PANA COTTA 150 G,18,1,16,20,88,1,34,24,14,1,41,25
01.01.2018,5969,DAIRY_CHESSE,JOGURT ZO NATURALNY 180 G,181,0,8,144,5,1,16,209,38,1,22,220
01.01.2018,6998,ICE_CREAMS_FROZEN,JOGURT ZOTT 125 G SERDUSZKO,2,0,92,1,84,1,13,2,26,1,19,2
01.01.2018,18143,MEAT,KABANOS WIELKOPOLSKI KG,0,34,16,5,44,20,94,7,12,22,7,48
01.01.2018,4576,MEAT,KABANOSY Z DROBIEM KG,0,46,16,83,7,74,15,63,7,19,16,41
01.01.2018,619,GENERAL_FOOD,KAKAO DEKOMORENO 80 G,5,2,15,10,75,3,16,15,8,3,89,19
01.01.2018,530,GENERAL_FOOD,KAKAO PUCHATEK 150G,1,2,59,2,59,3,55,3,55,4,37,4
01.01.2018,531,GENERAL_FOOD,KAKAO PUCHATEK Z WITAM 300G,4,3,25,13,4,87,19,48,5,99,23,96
01.01.2018,14557,ICE_CREAMS_FROZEN,KALAFIOR MROZONY NORDIS,3,3,64,10,92,4,94,14,82,5,19,15
01.01.2018,9065,SPICES,KAMIS JA?OWIEC 15G,1,1,44,1,44,2,2,2,2,2,49,2
01.01.2018,19477,SPICES,KAMIS KOWBOJSKI INDTK 20 G,2,0,87,1,74,1,28,2,56,1,38,2
01.01.2018,9037,SPICES,KAMIS LISC LAUROWY 6G,1,1,4,1,4,1,94,1,94,2,39,2
01.01.2018,8588,GENERAL,KAMIS MAJERANEK 9 G,4,1,35,5,4,1,84,7,36,1,99,7
01.01.2018,9035,SPICES,KAMIS PIEPRZ CZAR /MIELONY,3,1,33,3,99,2,11,6,33,2,59,7
01.01.2018,7473,SPICES,KAMIS PIEPRZ KOLOROWY 16G,2,1,42,2,84,1,94,3,88,2,39,4
01.01.2018,6338,CANNED_PATE,KAMIS PRZYPRAWA DO RYB 20 G,1,1,82,1,82,2,4,2,4,2,59,2
01.01.2018,19483,SPICES,KAMIS PSTRAG Z KOPERKIEM,1,1,56,1,56,2,3,2,3,2,19,2
01.01.2018,7039,SWEETS,KAMIS SUSZONE POMIDORY 15 G,4,1,64,6,56,2,2,8,8,2,38,9
01.01.2018,8403,SPICES,KAMIS ZIELE ANGIELSKIE 15G,9,1,4,9,36,1,46,13,14,1,79,16
01.01.2018,1827,SWEETS,KAMYKI ODRA 100 G,2,1,21,2,42,1,83,3,66,2,25,4
01.01.2018,16807,GENERAL_FOOD,KANAPKA  Z KURCZAKIEM,5,2,95,14,75,3,69,18,45,3,99,19
01.01.2018,1108,GENERAL_FOOD,KAPUSTA  KISZONA LUZ,72,41,2,17,157,21,3,23,233,82,3,49
01.01.2018,7066,PET'S FOOD,KARMA CHAPPI  WOLOW/WARZYWA 500G,3,2,84,8,52,3,88,11,63,4,19,12
01.01.2018,6230,PET'S FOOD,KARMA CHAPPI WOLOWINA KURA 500G,4,2,75,11,3,97,15,88,4,29,17,16
01.01.2018,13008,PET'S FOOD,KARMA CHAPPI Z DROBIEM 400 G,6,2,7,16,2,3,86,23,16,4,17,25
01.01.2018,8330,PET'S FOOD,KARMA MR DOG  415 G PUSZKA KURCZ-WARZ,4,1,44,5,76,2,6,8,24,2,22,8
01.01.2018,6527,PET'S FOOD,KARMA MR DOG 415 G PUSZKA WOLOW+WARZYW,2,1,46,2,92,2,9,4,18,2,26,4
01.01.2018,6522,PET'S FOOD,KARMA MR DOG 415 PUSZKA JUNIOR KURCZAK,5,1,44,7,2,2,6,10,3,2,22,11
01.01.2018,6631,PET'S FOOD,KARMA MR DOG SUPREM 500G,2,2,13,4,26,3,5,6,1,3,29,6
01.01.2018,6634,PET'S FOOD,KARMA MR DOG SUPREME 500G,6,2,13,12,78,3,5,18,3,3,29,19
01.01.2018,7206,GROATS_RICE_PASTA,KASZA GRYCZANA 4 X 100G SONKO,2,3,33,6,66,4,57,9,14,4,8,9
01.01.2018,18092,GROATS_RICE_PASTA,KASZA JAGLANA 400 G,1,2,43,2,43,3,8,3,8,3,99,3
01.01.2018,4340,KETCH_CONCETRATE_MUSTARD_MAJO_HORSERADISH,KASZA KUSKUS 2*125 G,1,2,64,2,64,3,68,3,68,3,86,3
01.01.2018,18884,MEAT,KASZANKA KG,0,43,8,84,3,8,5,51,2,37,5,79
01.01.2018,8069,GROATS_RICE_PASTA,KASZKA MANNA 400 G KROS,7,0,91,6,37,1,19,8,32,1,25,8
01.01.2018,6636,GENERAL,KASZKA MANNA 400 G SARITA,4,0,92,3,68,1,24,4,96,1,3,5
01.01.2018,1979,COFFEE TEA,KAWA ASTRA 100G MIELONA,6,3,7,18,39,3,65,21,89,4,48,26
01.01.2018,221,COFFEE TEA,KAWA ASTRA 275 G MIELONA,2,8,33,16,66,10,42,20,84,12,82,25
01.01.2018,224,COFFEE TEA,KAWA INKA 150G KARTON,6,2,64,15,84,3,69,22,14,3,99,23
01.01.2018,13715,COFFEE TEA,KAWA MK CAFE PREMIUM 80 G,2,2,59,5,18,3,65,7,3,4,49,8
01.01.2018,11038,COFFEE TEA,KAWA NESCAFE 100 G CREME,2,8,78,17,56,11,71,23,42,14,4,28
01.01.2018,4681,COFFEE TEA,KAWA NESCAFE 3W1  17G,15,0,47,7,5,0,8,12,0,99,14,85
01.01.2018,4830,COFFEE TEA,KAWA NESCAFE CLASSIC 100 G,1,7,66,7,66,10,68,10,68,13,14,13
01.01.2018,18649,COFFEE TEA,KAWA NESCAFE CLASSIC PALUSZEK,12,0,27,3,24,0,39,4,68,0,48,5
01.01.2018,18893,COFFEE TEA,KAWA NSSCIRE 100 G MAG+B?ON,1,7,35,7,35,9,75,9,75,11,99,11
01.01.2018,17358,COFFEE TEA,KAWA TCHIBO BLU 250 G,2,4,73,9,46,5,92,11,84,7,28,14
01.01.2018,5744,COFFEE TEA,KAWA TCHIBO FAMILI 100G,6,2,21,13,26,2,9,17,4,3,57,21
01.01.2018,197,COFFEE TEA,KAWA WOSEBA GOLD 250G,2,4,73,9,46,5,86,11,72,7,21,14
01.01.2018,198,COFFEE TEA,KAWA WOSEBA RODZINNA 80G,9,1,53,13,77,2,19,19,71,2,69,24
01.01.2018,551,COFFEE TEA,KAWA ZBOZOWA ANATOL 84 G EX,11,1,95,21,45,2,65,29,15,2,86,31
01.01.2018,8258,KETCH_CONCETRATE_MUSTARD_MAJO_HORSERADISH,KAWA ZBOZOWA KUJAWIANKA 500G,1,2,85,2,85,3,91,3,91,4,22,4
01.01.2018,8089,COFFEE TEA,KAWA ZBOZOWA PORANNA 100 G SL.,2,7,28,14,56,9,25,18,5,9,99,19
01.01.2018,11669,DAIRY_CHESSE,KEFIR SREMSKI 400 ML B.,33,1,4,46,2,1,7,56,1,1,78,58
01.01.2018,4057,DAIRY_CHESSE,KETCHUP FANEX 1_1 KG PREMIUM,1,7,99,7,99,10,18,10,18,10,99,10
01.01.2018,19167,GENERAL_FOOD,KETCHUP KOTLIN LAGODNY 450G,1,2,73,2,73,4,6,4,6,4,39,4
01.01.2018,8616,KETCH_CONCETRATE_MUSTARD_MAJO_HORSERADISH,KETCHUP KOTLIN PIK.450G,2,2,73,5,46,4,6,8,12,4,39,8
01.01.2018,628,KETCH_CONCETRATE_MUSTARD_MAJO_HORSERADISH,KETCHUP LAGODNY 470 G TORTEX,15,2,13,31,95,3,49,52,35,3,77,56
01.01.2018,15394,GENERAL_FOOD,KIELBASA BIA?A PARZONA KG,2,23,15,5,33,63,12,86,28,74,13,51
01.01.2018,3907,MEAT,KIELBASA DELIKATESOWA KG,0,29,15,65,4,46,19,68,5,61,20,67
01.01.2018,3777,MEAT,KIELBASA JA?OWCOWA KG,0,19,19,68,3,74,24,58,4,67,25,79
01.01.2018,2239,MEAT,KIELBASA KRUCHA Z FOLWARKU KG,0,96,18,16,17,34,10,32,9,86,10,84
01.01.2018,3854,GENERAL_FOOD,KIELBASA PEPERONI KG,0,17,23,24,3,95,28,59,4,86,30,5
01.01.2018,18123,MEAT,KIELBASA PIECZONA  KG,2,17,18,84,40,88,21,16,45,92,22,22
01.01.2018,3731,MEAT,KIELBASA POGORZELSKA PODSUSZANA  KG,0,58,19,17,11,2,23,98,13,79,25,17
01.01.2018,15385,GENERAL_FOOD,KIELBASA SLASKA  KG,4,85,14,76,71,6,13,71,66,49,14,39
01.01.2018,4608,MEAT,KIELBASA WINERKI KG,1,42,15,63,22,2,15,2,21,33,15,78
01.01.2018,3775,MEAT,KIELBASA ZWYCZAJNA KG,4,4,12,22,53,77,15,23,67,1,15,99
01.01.2018,16222,GENERAL_FOOD,KIELBASA ZYWIECKA KG,0,4,19,75,0,79,24,5,0,98,25,75
01.01.2018,3734,MEAT,KIE?BASA KRUCHA Z WEDZARNI KG,3,56,18,65,66,38,20,14,71,7,21,15
01.01.2018,3729,MEAT,KIE?BASA MYSLIWSKA KG,1,13,19,86,22,44,24,65,27,86,25,88
01.01.2018,3735,MEAT,KIE?BASA PIWOSZKI  KG,0,93,22,19,20,53,14,82,13,71,15,57
01.01.2018,3737,MEAT,KIE?BASA POLSKA WEDZONA  KG,0,66,19,18,12,56,21,85,14,31,22,93
01.01.2018,3720,MEAT,KIE?BASA S?OIKOWA  KG,1,84,9,16,52,7,89,14,48,8,29,15
01.01.2018,5010,MEAT,KIE?BASA WIOSENNA KG,0,53,11,87,6,23,14,67,7,7,15,39
01.01.2018,3709,MEAT,KIE?BASKI PYSZNE KG,1,11,17,82,19,78,20,12,22,33,21,13
01.01.2018,8107,KETCH_CONCETRATE_MUSTARD_MAJO_HORSERADISH,KINDER BATON 2 SZT MAXI,21,1,66,34,86,2,35,49,35,2,89,60
01.01.2018,3044,SWEETS,KINDER CHOCOLATE 100G,14,2,78,38,92,3,98,55,72,4,89,68
01.01.2018,2740,SWEETS,KINDER CHOCOLATE 50G,6,1,57,9,42,2,19,13,14,2,69,16
01.01.2018,15240,GENERAL_FOOD,KINDER MLECZNA KANAPKA,18,1,2,21,6,1,66,29,88,1,79,32
01.01.2018,15645,OCCASIONAL,KLEJ BIUROWY,1,0,64,0,64,0,97,0,97,1,19,1
01.01.2018,1611,CHEMISTRY,KLEJ KROPELKA,4,2,32,9,28,3,24,12,96,3,99,15
01.01.2018,7399,GENERAL,KLEJ SUPER GLU,4,1,12,4,48,1,62,6,48,1,99,7
01.01.2018,6841,KETCH_CONCETRATE_MUSTARD_MAJO_HORSERADISH,KLUSKI NA PARZE 300G,4,2,38,9,52,2,98,11,92,3,13,12
01.01.2018,11116,GENERAL_FOOD,KLUSKI SLASKIE 400G GRZESKOWIAK,2,3,33,6,66,4,22,8,44,4,56,9
01.01.2018,19408,SPICES,KMINEK 20 G PRZYSMAK,1,0,54,0,54,0,72,0,72,0,89,0
01.01.2018,7437,ICE_CREAMS_FROZEN,KNEDLE TRUSKAWKOWE 450 G,1,4,53,4,53,5,97,5,97,6,27,6
01.01.2018,699,SPICES,KNOR DELIKAT DO MIES 75G,4,2,21,8,84,3,4,13,6,3,67,14
01.01.2018,8713,SPICES,KNOR ROSOL WOLOWY,1,1,21,1,21,1,84,1,84,1,99,1
01.01.2018,863,SPICES,KNOR ROSOL Z KURY 3LX6 KOSTKI,5,1,17,5,85,1,84,9,2,1,99,9
01.01.2018,3120,KETCH_CONCETRATE_MUSTARD_MAJO_HORSERADISH,KNORR DELIKAT UNIWERSALNA 200G,1,3,29,3,29,4,79,4,79,5,17,5
01.01.2018,6739,KETCH_CONCETRATE_MUSTARD_MAJO_HORSERADISH,KNORR FIX DANIE ORIENTALNE 48 G,2,1,99,3,98,2,77,5,54,2,99,5
01.01.2018,17129,GENERAL_FOOD,KNORR FIX DO GULASZU,1,1,77,1,77,2,53,2,53,2,73,2
01.01.2018,10349,GENERAL_FOOD,KNORR FIX DO SPAGH.4-SERY,1,1,93,1,93,2,77,2,77,2,99,2
01.01.2018,9692,SPICES,KNORR FIX DO STROGONOFF,2,1,99,3,98,2,77,5,54,2,99,5
01.01.2018,5155,GENERAL,KNORR FIX RURKI Z KURCZAKIEM,5,1,99,9,95,2,77,13,85,2,99,14
01.01.2018,19233,GENERAL_FOOD,KNORR FIX SPAGETTI NAPOLI 45G,5,2,41,12,5,3,42,17,1,3,69,18
01.01.2018,5365,GENERAL_FOOD,KNORR G K OGORKOWA Z GRZANKAMI,4,1,14,4,56,1,66,6,64,1,79,7
01.01.2018,5289,GENERAL,KNORR G.K KREM Z KURY Z GRZANKAMI,6,1,31,7,86,1,66,9,96,1,79,10
01.01.2018,6896,GENERAL,KNORR G.K MAKARON BOLONSKI,2,3,52,7,4,4,97,9,94,5,22,10
01.01.2018,16055,GENERAL_FOOD,KNORR G.K POMIDOROWA Z RYZEM,4,1,31,5,24,1,66,6,64,1,79,7
01.01.2018,8455,GENERAL,KNORR G.K. DANIE SER+BROKU? 50 G,1,3,52,3,52,4,83,4,83,5,22,5
01.01.2018,5288,GENERAL,KNORR G.K. GULASZOWA Z MAKARONEM,3,1,31,3,93,1,66,4,98,1,79,5
01.01.2018,3505,GENERAL,KNORR G.K. PIECZARKOWA,2,0,94,1,88,1,35,2,7,1,46,2
01.01.2018,207,GENERAL_FOOD,KNORR G.K. POMIDOROWA Z MAKARON,4,0,89,3,56,1,66,6,64,1,79,7
01.01.2018,8274,GENERAL,KNORR NUDLE CARBONARA 64 G,2,1,2,1,9,3,8,1,99,3,98,0
01.01.2018,8272,GENERAL,KNORR NUDLE PIECZONY KURCZAK  61 G,2,0,99,1,98,1,9,3,8,1,99,3
01.01.2018,7394,KETCH_CONCETRATE_MUSTARD_MAJO_HORSERADISH,KNORR NUDLE SER W ZIOLACH,11,1,66,18,26,2,18,23,98,2,29,25
01.01.2018,858,SPICES,KNORR SOS .FRANCUSKI 9G,2,0,9,1,8,1,29,2,58,1,39,2
01.01.2018,14540,GENERAL_FOOD,KNORR SOS BOROWIKOWY 37 G,3,2,78,8,34,3,69,11,7,3,99,11
01.01.2018,17615,GENERAL_FOOD,KNORR SOS DO PIECZENI CIEMNY,4,1,81,7,24,2,4,9,6,2,59,10
01.01.2018,12458,GENERAL_FOOD,KNORR SOS SEROWY 34 G,1,3,8,3,8,4,6,4,6,4,39,4
01.01.2018,8513,GENERAL_FOOD,KNORR ZUPA CEBULOWA,2,2,9,5,8,3,69,7,38,3,99,7
01.01.2018,12080,DRINK_JUICE,KNORR ZUPA KREM Z KUREK 59 G,2,3,5,7,4,49,8,98,4,85,9,7
01.01.2018,9014,GENERAL_FOOD,KNORR ZUREK DOMOWY EXPRES 42 G,2,1,12,2,24,1,66,3,32,1,79,3
01.01.2018,6005,CHEMISTRY,KOMFORT PLYN DO PRANIA 500 ML,1,4,29,4,29,5,85,5,85,7,19,7
01.01.2018,6317,OCCASIONAL,KOMPOT Z AGRESTU 820 G,1,5,81,5,81,7,58,7,58,8,19,8
01.01.2018,6318,OCCASIONAL,KOMPOT Z WISNI 860 G,1,4,9,4,9,5,25,5,25,5,67,5
01.01.2018,3534,KETCH_CONCETRATE_MUSTARD_MAJO_HORSERADISH,KONCENTRAT DAWTONA 200G SLOIK,23,1,53,35,19,2,31,53,13,2,49,57
01.01.2018,14644,KETCH_CONCETRATE_MUSTARD_MAJO_HORSERADISH,KONCENTRAT POM DAWTONA 80G SLOIK,10,0,92,9,2,1,29,12,9,1,39,13
01.01.2018,18729,KETCH_CONCETRATE_MUSTARD_MAJO_HORSERADISH,KONCENTRAT POMIDOROWY 190 G SLON.OGROD,20,1,1,20,2,1,56,31,2,1,68,33
01.01.2018,15927,CANNED_PATE,KONSERWA TURYSTYCZNA 300 G LAUR,1,1,85,1,85,2,65,2,65,2,78,2
01.01.2018,3879,CANNED_PATE,KONSERWA TYROLSKA 300 G LAUR,1,1,85,1,85,2,65,2,65,2,78,2
01.01.2018,8667,CANNED_PATE,KOPYTKA 400GR TACKA GRZESKOWIAK,5,3,43,17,15,4,34,21,7,4,69,23
01.01.2018,9303,ICE_CREAMS_FROZEN,KOPYTKA 450 G,2,3,75,7,5,5,21,10,42,5,47,10
01.01.2018,7568,CHEMISTRY,KOSTKA DO WC FORCE,1,1,79,1,79,1,28,1,28,1,58,1
01.01.2018,17704,FISH,KOSTKA Z LIMANDY LUZ,0,39,10,44,4,7,7,15,2,79,7,51
01.01.2018,18966,FISH,KOTLETY RYBNA KG/P?ATY SMA?ONE,1,7,12,42,21,7,13,76,23,33,14,45
01.01.2018,18529,KETCH_CONCETRATE_MUSTARD_MAJO_HORSERADISH,KOTLIN KETCHUP  PIKANTNY 215ML,2,2,25,4,5,2,99,5,98,3,23,6
01.01.2018,9528,KETCH_CONCETRATE_MUSTARD_MAJO_HORSERADISH,KOTLIN KETCHUP LAGODNY 215ML,1,2,25,2,25,2,99,2,99,3,23,3
01.01.2018,4012,MEAT,KRAKOWSKA SUCHA KG,0,42,21,1,8,72,26,24,10,89,27,57
01.01.2018,4204,GENERAL,KRAKUS BARSZCZ CZERW.300 ML KONC,1,2,87,2,87,4,16,4,16,4,49,4
01.01.2018,1851,GENERAL,KRAKUS GULASZ ANGIELSKI  155G,2,3,1,6,2,4,35,8,7,4,57,9
01.01.2018,6466,GENERAL_FOOD,KRAKUS OGORKI KONS.865 G,1,4,1,4,1,5,26,5,26,5,68,5
01.01.2018,6587,SWEETS,KRAZKI ORKISZOWE 60 G,1,1,71,1,71,2,36,2,36,2,48,2
01.01.2018,4949,CHEMISTRY,KREDKI OLOWKOWE 12 SZT,1,1,69,1,69,2,43,2,43,2,99,2
01.01.2018,5818,OCCASIONAL,KREDKI SWIECOWE 12 SZT,1,1,15,1,15,1,7,1,7,2,9,2
01.01.2018,1657,CHEMISTRY,KREM BAMBINO 75ML,1,3,62,3,62,4,87,4,87,5,99,5
01.01.2018,13860,CHEMISTRY,KREM DO RAK ZIOLA POLSKIE,1,3,29,3,29,4,39,4,39,5,4,5
01.01.2018,736,SPICES,KRESTO WIORKI KOKOS 200 G,1,2,6,2,6,3,56,3,56,3,85,3
01.01.2018,18486,GENERAL_FOOD,KROKIETY KASZTELAN 400G,2,4,95,9,9,6,35,12,7,6,67,13
01.01.2018,8752,CANNED_PATE,KROKIETY Z KAPUS/GRZYB.400GR GRZESKOWIAK,5,4,1,20,5,5,13,25,65,5,39,26
01.01.2018,2231,GENERAL,KROKIETY Z MIESEM  GRZESKOWIAK,1,4,95,4,95,6,19,6,19,6,5,6
01.01.2018,16348,VEGETABLES,KT ANANAS,2,4,64,9,28,4,35,8,7,4,7,9
01.01.2018,5,VEGETABLES,KT BANAN,119,64,4,7,486,61,4,37,523,25,4,72
01.01.2018,8427,VEGETABLES,KT BROKUL,16,3,31,53,3,25,51,92,3,4,54,47
01.01.2018,10118,VEGETABLES,KT BURACZEK CZERWONY,6,96,0,66,4,58,0,66,4,62,0,7
01.01.2018,6,VEGETABLES,KT CEBUL CZERWONNA MODRA,0,95,2,11,1,99,2,8,1,97,2,19
01.01.2018,9556,VEGETABLES,KT CEBULA,89,25,0,59,52,79,0,91,80,87,0,95
01.01.2018,18377,VEGETABLES,KT CUKINIA KG,1,13,5,16,5,81,4,73,5,32,4,97
01.01.2018,9,VEGETABLES,KT CYTRYNA,41,66,5,11,212,94,6,16,256,76,6,66
01.01.2018,274,VEGETABLES,KT CZOSNEK POLSKI,53,0,92,48,76,1,21,64,2,1,27,67
01.01.2018,3592,VEGETABLES,KT DYNIA KG,1,2,48,2,48,3,1,3,1,3,26,3
01.01.2018,16678,VEGETABLES,KT GRAPEFRUIT ZELONY KG,0,27,5,11,1,38,3,26,0,88,3,52
01.01.2018,275,VEGETABLES,KT GREJFRUT,1,1,4,18,4,58,5,62,6,15,6,6
01.01.2018,285,VEGETABLES,KT GRUSZKI KG,50,57,3,71,187,39,4,6,232,8,4,84
01.01.2018,15803,VEGETABLES,KT IMBIR KG,0,4,14,58,5,83,18,23,7,29,22,43
01.01.2018,5175,VEGETABLES,KT JABLKO CZERWONE,314,32,2,4,754,13,3,73,1173,38,3,92
01.01.2018,277,VEGETABLES,KT KALAFIOR,25,4,52,112,95,4,61,115,32,4,84,121
01.01.2018,19229,VEGETABLES,KT KAPUSTA BIALA KG,69,16,0,44,30,41,0,56,38,63,0,59
01.01.2018,4503,VEGETABLES,KT KAPUSTA CZERWONA KG,4,2,0,87,3,65,1,23,5,16,1,29
01.01.2018,280,VEGETABLES,KT KAPUSTA PEKINSKA KG,14,25,1,52,21,64,1,82,25,94,1,91
01.01.2018,281,VEGETABLES,KT KAPUSTA WLOSKA,2,3,1,85,3,76,1,78,3,61,1,87
01.01.2018,282,VEGETABLES,KT KIWI,73,0,61,44,7,0,98,71,71,1,6,77
01.01.2018,9386,VEGETABLES,KT KOPEREK ZIELONY CI?TY,45,1,36,61,1,1,35,60,97,1,42,63
01.01.2018,283,VEGETABLES,KT MANDARYNKA LUZ,92,46,3,91,361,52,4,98,460,85,5,38
01.01.2018,7,VEGETABLES,KT MARCHEW LUZ,140,51,0,78,110,17,1,1,142,57,1,7
01.01.2018,286,VEGETABLES,KT OGOREK ZIELONY,18,69,5,88,109,96,6,95,129,8,7,29
01.01.2018,10,VEGETABLES,KT ORZECH FISTASZKI LUZ,2,6,11,57,23,77,14,47,29,74,15,64
01.01.2018,287,VEGETABLES,KT PAPRYKA CZERWONA/ZOLTA,16,51,7,48,123,45,8,27,136,6,8,69
01.01.2018,289,VEGETABLES,KT PIECZARKI,30,76,5,49,168,73,5,31,163,21,5,57
01.01.2018,290,VEGETABLES,KT PIETRUSZKA LUZ KORZE?,39,85,2,47,98,53,2,56,102,19,2,7
01.01.2018,4023,VEGETABLES,KT PIETRUSZKA ZIELONA NATKA,92,0,96,88,44,1,13,103,91,1,19,109
01.01.2018,291,VEGETABLES,KT POMARANCZA LUZ,43,79,3,81,167,2,4,53,198,38,4,89
01.01.2018,16677,VEGETABLES,KT POMELO SZT,6,3,18,4,34,26,4,4,69,28,14,0
01.01.2018,6100,VEGETABLES,KT POMIDOR KOKTAILOWY 250 G,4,2,97,11,88,3,8,15,2,3,99,15
01.01.2018,18118,VEGETABLES,KT POMIDOR MALINOWY,13,85,6,45,89,35,8,59,119,1,9,2
01.01.2018,8811,VEGETABLES,KT POMIDOR POLSKI POLNY,69,87,5,53,386,14,7,48,522,91,7,86
01.01.2018,15732,VEGETABLES,KT POMIDORY KOKTAILOWE KUBEK,1,2,97,2,97,3,51,3,51,3,69,3
01.01.2018,19917,VEGETABLES,KT POR KG,16,59,2,4,33,84,2,59,42,94,2,71
01.01.2018,8441,VEGETABLES,KT SALATA,2,1,73,3,46,1,1,2,2,1,15,2
01.01.2018,525,VEGETABLES,KT SALATA LODOWA,12,3,49,41,89,3,87,46,39,4,6,48
01.01.2018,1430,VEGETABLES,KT SELER LUZ,36,61,1,92,70,37,2,14,78,4,2,25
01.01.2018,16039,VEGETABLES,KT SELER NAC SZT,3,1,21,3,63,1,56,4,68,1,64,4
01.01.2018,6732,VEGETABLES,KT SZCZYPIOR,10,1,14,11,4,1,26,12,55,1,32,13
01.01.2018,8443,VEGETABLES,KT SZCZYPIOREK Z CEBULKA,18,1,14,20,52,1,5,18,93,1,11,19
01.01.2018,4380,VEGETABLES,KT TRUSKAWKI PUDE?KO 250 G,4,3,83,15,32,4,16,16,63,4,37,17
01.01.2018,294,VEGETABLES,KT WINOGRONO BIALEI/ROZOWE KG,0,58,9,29,5,4,9,5,23,9,45,5
01.01.2018,295,VEGETABLES,KT WLOSZCZYZNA TACKA,20,1,77,35,44,2,28,45,6,2,39,47
01.01.2018,9380,VEGETABLES,KT ZIEMNIAK WCZESNY KG,8,54,0,4,3,42,0,44,3,76,0,46
01.01.2018,18045,VEGETABLES,KT ZIEMNIAKI,422,72,0,44,187,9,0,64,269,32,0,67
01.01.2018,1545,VEGETABLES,KT ZIEMNIAKI KG,435,57,0,43,187,97,0,66,288,9,0,69
01.01.2018,2020,VEGETABLES,KT ZIEMNIAKI KG,201,96,0,47,95,73,0,67,134,67,0,7
01.01.2018,8555,CHEMISTRY,KUBEK 180 ML,30,0,8,2,4,0,16,4,8,0,2,6
01.01.2018,2549,DRINK_JUICE,KUBUS 0_9 L MAR.JABL.POMAR.,6,2,37,14,22,3,51,21,6,3,69,22
01.01.2018,2551,DRINK_JUICE,KUBUS 0_9 L MAR/MALIN/JABLKO,8,2,37,18,96,3,51,28,8,3,69,29
01.01.2018,17051,DRINK_JUICE,KUBUS GO 0_33 JA+BAN+MARCZ,5,1,17,5,85,1,9,9,5,1,99,9
01.01.2018,2208,DRINK_JUICE,KUBUS GO MAR+BRA+JAB 0_30,4,1,11,4,44,1,9,7,6,1,99,7
01.01.2018,4128,DRINK_JUICE,KUBUS MAR.BAN.JAB.0_33L,11,1,6,11,66,1,7,18,7,1,79,19
01.01.2018,138,DRINK_JUICE,KUBUS MAR.BRZOS.JAB.0_33L,3,1,18,3,54,1,7,5,1,1,79,5
01.01.2018,139,DRINK_JUICE,KUBUS MAR.JAB. MALINA 0_33L,2,1,6,2,12,1,7,3,4,1,79,3
01.01.2018,10572,DRINK_JUICE,KUBUS WATER 0_5 L TRUSKAWKA,5,1,44,7,2,2,2,10,1,2,49,12
01.01.2018,14877,KETCH_CONCETRATE_MUSTARD_MAJO_HORSERADISH,KUBUS WATER 0_5L  CYTRYNOWA,5,1,44,7,2,2,2,10,1,2,49,12
01.01.2018,13335,DRINK_JUICE,KUBUS WATERR 0_5 JABLKO,3,1,44,4,32,2,2,6,6,2,49,7
01.01.2018,17038,DRINK_JUICE,KUBUS WATERRR MALINA 0_5L,5,1,44,7,2,2,2,10,1,2,49,12
01.01.2018,4763,GENERAL,KUBUS WOTER 0_5 L N/G DZIUB.,1,1,39,1,39,1,74,1,74,2,14,2
01.01.2018,7776,DRINK_JUICE,KUBUS WOTER WODA N/G 0_5 L,1,1,19,1,19,1,62,1,62,1,99,1
01.01.2018,13319,DAIRY_CHESSE,KUCHAREK 120 G ROS�?,2,2,15,4,3,3,2,6,4,3,26,6
01.01.2018,856,GENERAL_FOOD,KUCHAREK 200 G,5,1,46,7,3,2,21,11,5,2,39,11
01.01.2018,2028,GENERAL_FOOD,KUKURYDZA W PUSZ.DAWTON 400G,5,1,88,9,4,2,68,13,4,2,89,14
01.01.2018,8085,SWEETS,KWAS CHLEBOWY 1 L,1,1,69,1,69,2,43,2,43,2,99,2
01.01.2018,4868,DAIRY_CHESSE,LACIATY 150 G MEKSYKANSKI,5,2,41,12,5,3,23,16,15,3,39,16
01.01.2018,16081,DAIRY_CHESSE,LACIATY 150 G NATURALNE,6,2,22,13,32,3,2,18,12,3,17,19
01.01.2018,4867,DAIRY_CHESSE,LACIATY 150 G SZCZYPIOREK,6,2,41,14,46,3,16,18,96,3,32,19
01.01.2018,2876,CHEMISTRY,LAKIER PROFESSIONAL 265ML,1,3,58,3,58,5,24,5,24,6,45,6
01.01.2018,3599,GROATS_RICE_PASTA,LAURKA,1,3,65,3,65,5,22,5,22,6,42,6
01.01.2018,16893,CHEMISTRY,LAURKA,1,0,55,0,55,0,81,0,81,1,1,0
01.01.2018,8597,KETCH_CONCETRATE_MUSTARD_MAJO_HORSERADISH,LAURKA,1,1,97,1,97,1,63,1,63,2,2,0
01.01.2018,6096,OCCASIONAL,LAURKA OKOLICZNOSCIOWA,1,0,9,0,9,1,78,1,78,2,19,2
01.01.2018,2200,CHIPS_FLAKES,LAYS CHEETOS 85G KETCHUP,10,2,3,20,3,3,30,3,15,31,5,0
01.01.2018,7444,CHIPS_FLAKES,LAYS CHETOS 30 G,1,1,34,1,34,1,72,1,72,1,81,1
01.01.2018,19545,CHIPS_FLAKES,LAYS CHETOS CHRUPKI 145 G,2,3,28,6,56,4,21,8,42,4,42,8
01.01.2018,6729,CHIPS_FLAKES,LAYS CHETOS SER+KETCHUP 90 G,13,2,35,30,61,3,1,40,24,3,25,42
01.01.2018,4644,CHIPS_FLAKES,LAYS FROMAGE 140 G,5,3,85,19,25,4,78,23,88,5,16,25
01.01.2018,2908,CHIPS_FLAKES,LAYS FROMAGE 90G,1,2,56,2,56,1,65,1,65,1,78,1
01.01.2018,8023,CHIPS_FLAKES,LAYS KARBOWANE  140 G,4,3,56,14,24,2,31,9,24,2,5,10
01.01.2018,17450,CHIPS_FLAKES,LAYS MAX SER+ZIEL CEB.140 G,4,3,85,15,4,4,77,19,8,5,16,20
01.01.2018,4647,CHIPS_FLAKES,LAYS OSTRA PAP.140 G,3,3,85,11,55,4,74,14,22,5,12,15
01.01.2018,4643,CHIPS_FLAKES,LAYS PAPRYKA 140 G,6,3,85,23,1,4,81,28,88,5,2,31
01.01.2018,89,CHIPS_FLAKES,LAYS PAPRYKA 28G,1,0,77,0,77,1,1,1,1,1,19,1
01.01.2018,8619,CHIPS_FLAKES,LAYS PAPRYKA 40 G,7,1,3,9,1,1,51,10,59,1,63,11
01.01.2018,6918,CHIPS_FLAKES,LAYS ROZKI SER 95 G,6,1,9,11,4,2,43,14,58,2,99,17
01.01.2018,3661,CHIPS_FLAKES,LAYS STAR SMITI CEBULA 130 G,8,2,21,17,68,2,77,22,16,2,99,23
01.01.2018,8548,CIGARETTES,LAYS STIX 140 G,13,1,65,21,45,1,38,18,1,5,19,48
01.01.2018,8269,CHIPS_FLAKES,LAYS STIX 140 G,2,3,72,7,44,4,77,9,54,5,15,10
01.01.2018,4327,CHIPS_FLAKES,LAYS STIX 40 G,2,5,1,1,2,53,0,94,2,36,1,2
01.01.2018,8608,CHIPS_FLAKES,LAYS STIX 40 G,14,0,99,13,86,0,67,9,38,0,7,9
01.01.2018,8496,CHIPS_FLAKES,LAYS Z PIECA PAPRYKA 130 G,3,3,75,11,25,5,18,15,54,5,59,16
01.01.2018,88,CHIPS_FLAKES,LAYS ZIELONA CEBULA 28G,1,0,88,0,88,1,1,1,1,1,19,1
01.01.2018,6544,CHIPS_FLAKES,LAYS ZIELONA CEBULA 40 G,1,1,3,1,3,1,63,1,63,1,76,1
01.01.2018,4465,CHIPS_FLAKES,LAYS ZIELONA CEBULA 90G,1,2,65,2,65,3,29,3,29,3,55,3
01.01.2018,4345,CHIPS_FLAKES,LAYS ZIELONA CEBULKA 140 G,9,3,85,34,65,4,82,43,37,5,21,46
01.01.2018,6447,CHEMISTRY,LENOR PLYN SUMMER 1 L,1,5,99,5,99,8,93,8,93,10,99,10
01.01.2018,1815,COFFEE TEA,LIPTON 50 EX,2,6,97,13,94,8,93,17,86,10,99,21
01.01.2018,18892,COFFEE TEA,LIPTON CEYLON 25 T,1,4,69,4,69,5,49,5,49,6,75,6
01.01.2018,15963,COFFEE TEA,LIPTON EARL GREY 25 SZT,3,4,69,14,7,6,19,18,57,7,61,22
01.01.2018,19077,COFFEE TEA,LIPTON EX 88 TOR.,1,8,99,8,99,12,85,12,85,15,81,15
01.01.2018,7304,COFFEE TEA,LIPTON HERB.ZIELONA EARLY GREY 25 EX,1,3,62,3,62,4,87,4,87,5,99,5
01.01.2018,7305,COFFEE TEA,LIPTON HERB.ZIELONA MALINA +TRUSK 25 EX,3,3,62,10,86,4,87,14,61,5,99,17
01.01.2018,4078,CHEWING_GUM_LOLIPOPS,LIZAK CANDY/LASKA,4,0,64,2,56,0,89,3,56,1,9,4
01.01.2018,5946,CHEWING_GUM_LOLIPOPS,LIZAK CHUPA CHUPS,34,0,46,15,64,0,69,23,46,0,85,28
01.01.2018,8308,SWEETS,LIZAK DYNIA,7,1,54,10,78,2,21,15,47,2,72,19
01.01.2018,918,CHEWING_GUM_LOLIPOPS,LIZAK KWIATEK/MALY/KULKA,11,0,22,2,42,0,45,4,95,0,55,6
01.01.2018,16119,CHEWING_GUM_LOLIPOPS,LIZAK KWIATET DUZY,7,0,49,3,43,0,72,5,4,0,89,6
01.01.2018,16820,CHEWING_GUM_LOLIPOPS,LIZAK PALUSZEK OWOC,1,0,21,0,21,0,31,0,31,0,38,0
01.01.2018,9389,SWEETS,LIZAK ROZA/SERCE,1,1,1,1,46,1,46,1,79,1,79,0
01.01.2018,18292,CHEWING_GUM_LOLIPOPS,LIZAK SERCA,48,0,1,4,8,0,24,11,52,0,29,13
01.01.2018,4405,CHEWING_GUM_LOLIPOPS,LIZAK SERCE,1,1,3,1,3,1,86,1,86,2,29,2
01.01.2018,8284,CHEWING_GUM_LOLIPOPS,LIZAK SMOCZEK,7,0,44,3,8,0,72,5,4,0,89,6
01.01.2018,16180,CHEWING_GUM_LOLIPOPS,LIZAK ZAZUAGE,12,0,3,0,36,0,61,7,32,0,75,9
01.01.2018,8160,SWEETS,LIZAK ZELOWY HORROR,1,1,36,1,36,1,94,1,94,2,39,2
01.01.2018,7527,ICE_CREAMS_FROZEN,LODT CZEKOLADA 900 ML ALGIDA,1,6,52,6,52,8,75,8,75,9,19,9
01.01.2018,7968,ICE_CREAMS_FROZEN,LODY  /,1,1,7,1,7,1,53,1,53,1,61,1
01.01.2018,7525,ICE_CREAMS_FROZEN,LODY BAKALIOWE 1 L ALGIDA,1,6,38,6,38,8,75,8,75,9,19,9
01.01.2018,7241,ICE_CREAMS_FROZEN,LODY BASALA KUBEK 150 ML,2,2,41,4,82,2,7,4,13,2,17,4
01.01.2018,7594,ICE_CREAMS_FROZEN,LODY BIG MILK FRUIT 100G,1,1,44,1,44,1,9,1,9,1,99,1
01.01.2018,10997,SWEETS,LODY CIEPLE DUZE 24,12,0,8,9,6,1,6,12,72,1,14,13
01.01.2018,3006,ICE_CREAMS_FROZEN,LODY COFFE LATTE 200 ML,4,2,31,9,24,3,23,12,92,3,39,13
01.01.2018,7859,ICE_CREAMS_FROZEN,LODY GRAND GOLD,1,2,48,2,48,3,29,3,29,3,45,3
01.01.2018,7523,ICE_CREAMS_FROZEN,LODY ICE FRESH 200 ML,3,2,41,7,23,3,23,9,69,3,39,10
01.01.2018,7563,ICE_CREAMS_FROZEN,LODY JAK DAWNIEJ 180 ML,1,2,51,2,51,3,8,3,8,3,99,3
01.01.2018,9951,ICE_CREAMS_FROZEN,LODY KAKTUS 45ML,5,1,12,5,6,1,48,7,4,1,55,7
01.01.2018,9540,ICE_CREAMS_FROZEN,LODY KOKTAJLOWE KUKULKA,33,2,6,67,98,2,66,87,78,2,79,92
01.01.2018,2387,ICE_CREAMS_FROZEN,LODY KOLORKI MAX,1,1,1,1,29,1,29,1,35,1,35,0
01.01.2018,10718,DAIRY_CHESSE,LODY KUBEK ICE MASTRY,2,0,99,1,98,1,51,3,2,1,59,3
01.01.2018,5114,ICE_CREAMS_FROZEN,LODY LULEK BARWIACY,1,0,49,0,49,0,75,0,75,0,79,0
01.01.2018,13006,ICE_CREAMS_FROZEN,LODY MAGNUM CLASSIC,2,3,65,7,3,4,75,9,5,4,99,9
01.01.2018,7874,ICE_CREAMS_FROZEN,LODY MLYNARCZYK 900 ML,1,6,5,6,5,8,56,8,56,8,99,8
01.01.2018,2368,ICE_CREAMS_FROZEN,LODY NOGGER TOFI KARMEL 90 ML,2,2,5,4,1,2,75,5,5,2,89,5
01.01.2018,7839,ICE_CREAMS_FROZEN,LODY PINGWIN W CZEKOL.,2,0,75,1,5,1,4,2,8,1,9,2
01.01.2018,15930,ICE_CREAMS_FROZEN,LODY RAKIETA,2,0,56,1,12,0,85,1,7,0,89,1
01.01.2018,7232,ICE_CREAMS_FROZEN,LODY ROZEK JAGODA,4,1,9,4,36,1,51,6,4,1,59,6
01.01.2018,7561,ICE_CREAMS_FROZEN,LODY ROZEK JAK DAWNIEJ 180 ML,2,2,87,5,74,3,8,7,6,3,99,7
01.01.2018,6370,ICE_CREAMS_FROZEN,LODY ROZEK MALINA,1,1,15,1,15,1,49,1,49,1,56,1
01.01.2018,9434,ICE_CREAMS_FROZEN,LODY TOP MILK,3,0,69,2,7,0,95,2,85,1,3,0
01.01.2018,15410,ICE_CREAMS_FROZEN,LODY TOP MILK WCZEKOLADZIE,2,1,7,2,14,1,48,2,96,1,55,3
01.01.2018,7302,COFFEE TEA,LOPTON PIRAMIDKA CYTRYNA 10 SZT,1,2,62,2,62,3,24,3,24,3,99,3
01.01.2018,2183,CHIPS_FLAKES,LORENZ JUNIORKI 140 G LITERKI,4,2,67,10,68,3,41,13,64,4,19,16
01.01.2018,3929,CANNED_PATE,LOWICZ DZEM CZAR.PORZECZKA N/S?,7,2,78,19,46,3,97,27,79,4,29,30
01.01.2018,8609,CANNED_PATE,LOWICZ DZEM TRUSKAWKOWY N/S?,1,2,78,2,78,3,69,3,69,3,99,3
01.01.2018,8610,CANNED_PATE,LOWICZ DZEM WISNIA N/S?.,2,2,78,5,56,4,3,8,6,4,35,8
01.01.2018,10729,DRINK_JUICE,LOWICZ SYROP MALINA 400 ML,6,3,39,20,34,4,62,27,72,4,99,29
01.01.2018,1999,CHEMISTRY,LUDWIK D/NACZYN 1L MIETOW,2,3,89,7,78,5,36,10,72,6,59,13
01.01.2018,26,CHEMISTRY,LUDWIK D/NACZYN 500 ML CYTRYNA,5,2,8,10,4,2,92,14,6,3,59,17
01.01.2018,14686,CHEMISTRY,LUDWIK D/NACZYN BALSAM 1L,2,3,23,6,46,5,36,10,72,6,59,13
01.01.2018,14685,CHEMISTRY,LUDWIK D/NACZYN BALSAM 500ML,2,2,8,4,16,2,76,5,52,3,39,6
01.01.2018,11152,CHEMISTRY,LUDWIK PLYN UNIWERSALNY 1 L,2,3,59,7,18,4,7,8,14,5,1,10
01.01.2018,14249,CHEMISTRY,LUDWIK UNIWERSALNY 1 L,1,3,89,3,89,2,72,2,72,3,34,3
01.01.2018,8146,CHEMISTRY,LUGA KROCHMAL 750ML,1,3,71,3,71,5,31,5,31,6,53,6
01.01.2018,18613,DAIRY_CHESSE,?ACIATY SEKEK SMIETANKOWY 135 G,32,1,72,55,6,2,62,83,79,2,75,87
01.01.2018,17630,DAIRY_CHESSE,?ACIATY SEREK Z CEBULA I SZCZ_135G,25,1,9,47,49,2,66,66,5,2,79,69
01.01.2018,15907,DAIRY_CHESSE,?ACIATY SEREK Z CHRZANEM 135 G,7,1,85,12,95,1,23,8,63,1,3,9
01.01.2018,15906,DAIRY_CHESSE,?ACIATY SEREK Z CZOSNKIEM 135 G,4,1,71,6,84,2,57,10,26,2,69,10
01.01.2018,10597,BREAD,M BULKA Z RODZYNKAMI,23,1,27,29,21,1,59,36,56,1,72,39
01.01.2018,10327,BREAD,M CHLEB DUZY KROJONY,30,3,93,117,79,4,68,140,25,4,91,147
01.01.2018,9435,BREAD,M CHLEB MALY,105,2,32,243,6,2,9,303,98,3,4,318
01.01.2018,9436,BREAD,M CHLEB MALY KROJONY,362,2,56,925,74,2,9,1048,31,3,4,1100
01.01.2018,9437,BREAD,M CHLEB RAZOWY,97,5,3,23,315,39,3,87,377,22,4,7
01.01.2018,12118,BREAD,M CHLEB RUSTYKALNY,13,5,2,66,35,91,2,98,40,17,3,12
01.01.2018,14757,GROATS_RICE_PASTA,MAK LUBELLA  ZIARNO SWIDERKI 400G,2,2,2,4,4,3,91,7,82,4,11,8
01.01.2018,7706,GROATS_RICE_PASTA,MAK LUBELLA K�LKA MINI 400 G,1,2,36,2,36,3,8,3,8,3,99,3
01.01.2018,4667,GENERAL_FOOD,MAK MIELONY 200 G BACK MIT,2,3,43,6,86,4,75,9,5,4,99,9
01.01.2018,8327,VEGETABLES,MAK SARITA SPAGHETTI 400 G DURUM,17,1,66,28,22,2,47,41,99,2,59,44
01.01.2018,8477,GROATS_RICE_PASTA,MAK SULMA KOLANKO DUZA 500G,1,2,59,2,59,3,8,3,8,3,99,3
01.01.2018,5674,GROATS_RICE_PASTA,MAK SULMA MUSZELKA 100% DURUM,2,2,3,4,6,3,8,7,6,3,99,7
01.01.2018,1268,GROATS_RICE_PASTA,MAK SULMA NITKA ROSOLOWA 400G,5,2,13,10,65,2,85,14,25,2,99,14
01.01.2018,18453,GROATS_RICE_PASTA,MAK SULMA SWIDEREK DUZY 500G,10,2,35,23,5,3,8,38,3,99,39,9
01.01.2018,7703,GROATS_RICE_PASTA,MAK ZLOTY LAN KOLANKO DUZE 500 G,9,0,92,8,28,1,7,15,3,1,79,16
01.01.2018,7704,GROATS_RICE_PASTA,MAK ZLOTY LAN MUSZELKA 500 G,2,0,89,1,78,1,7,3,4,1,79,3
01.01.2018,83,GROATS_RICE_PASTA,MAK ZLOTY LAN NITKA DOMOWA 250,8,0,96,7,68,1,7,13,6,1,79,14
01.01.2018,10278,GROATS_RICE_PASTA,MAK.ABAK ZACIERKA BABUNI 250G,1,1,52,1,52,1,99,1,99,2,9,2
01.01.2018,3376,GROATS_RICE_PASTA,MAK.LUBELLA SWIDER 500 G,4,2,31,9,24,3,8,15,2,3,99,15
01.01.2018,8384,GENERAL,MAKA JAGLANA 500 G,2,4,96,9,92,6,62,13,24,6,95,13
01.01.2018,2755,GROATS_RICE_PASTA,MAKA KOSZALINSKA  STOISLAW 1KG,11,1,72,18,92,2,27,24,97,2,38,26
01.01.2018,16058,GROATS_RICE_PASTA,MAKA KRUPCZATKA  ZLOTY LAN TYP 450 1KG,4,1,66,6,64,1,1,4,4,1,16,4
01.01.2018,8339,GROATS_RICE_PASTA,MAKA KRUPCZATKA 1KG STOISLAW,3,1,96,5,88,1,77,5,32,1,86,5
01.01.2018,15949,GROATS_RICE_PASTA,MAKA LUKSUSOWA ZLOTY LAN TYP 550 1KG,1,1,9,1,9,1,9,1,9,1,99,1
01.01.2018,373,GROATS_RICE_PASTA,MAKA POZNANSKA 1 KG STOISLAW,2,1,66,3,32,2,27,4,54,2,38,4
01.01.2018,5512,CANNED_PATE,MAKA POZNA?SKA BASIA 1KG,3,2,43,7,29,3,12,9,36,3,28,9
01.01.2018,370,GROATS_RICE_PASTA,MAKA TORTOWA 1KG STOISLAW,28,1,96,54,88,2,61,73,15,2,74,76
01.01.2018,16553,GROATS_RICE_PASTA,MAKA TORTOWA BASIA 1 KG,14,1,81,25,34,2,56,35,84,2,69,37
01.01.2018,15950,KETCH_CONCETRATE_MUSTARD_MAJO_HORSERADISH,MAKA TORTOWA ZLOTY LAN TYP 450 1KG,9,1,11,9,99,1,58,14,22,1,66,14
01.01.2018,372,GROATS_RICE_PASTA,MAKA WROCLAWSKA 1KG STOISLAW,1,1,72,1,72,2,27,2,27,2,38,2
01.01.2018,16559,GROATS_RICE_PASTA,MAKA WROCLAWSKA BASIA 1 KG,4,1,81,7,24,2,56,10,24,2,69,10
01.01.2018,15951,GROATS_RICE_PASTA,MAKA WROCLAWSKA ZLOTY LAN TYP 500 1KG,5,1,11,5,55,1,58,7,9,1,66,8
01.01.2018,3276,GROATS_RICE_PASTA,MAKA ZIEMNIACZANA 1KG,4,3,34,13,36,4,62,18,48,4,99,19
01.01.2018,1247,GENERAL_FOOD,MAKA ZIEMNIACZANA 500G,5,1,52,7,6,2,21,11,5,2,39,11
01.01.2018,10271,GROATS_RICE_PASTA,MAKARON ABAK BABUNI 250G 2 JAJ,13,1,57,20,41,2,2,28,6,2,31,30
01.01.2018,169,GROATS_RICE_PASTA,MAKARON CZANIECKI 250G SWOJSKI,47,1,93,90,71,2,82,132,53,2,96,139
01.01.2018,18920,GROATS_RICE_PASTA,MAKARON CZANIECKI GNIAZDKO 2,1,4,2,4,2,5,7,5,7,5,99,5
01.01.2018,16888,GROATS_RICE_PASTA,MAKARON CZANIECKI NITKA WALCOWANA 500G,3,3,98,11,94,5,51,16,53,5,79,17
01.01.2018,78,GROATS_RICE_PASTA,MAKARON CZANIECKI RYZOWY 250 G,6,2,17,13,2,3,13,18,78,3,29,19
01.01.2018,7694,GROATS_RICE_PASTA,MAKARON IRWEGA 500 G RURKA,1,1,59,1,59,2,18,2,18,2,29,2
01.01.2018,12703,GROATS_RICE_PASTA,MAKARON IRWEGA 500G KOLANKO,2,1,59,3,18,2,18,4,36,2,29,4
01.01.2018,4697,GROATS_RICE_PASTA,MAKARON LASAGNE 500G LUBELLA,2,6,13,12,26,8,76,17,52,9,2,18
01.01.2018,17664,GROATS_RICE_PASTA,MAKARON LUBELLA MUSZELKA DROBNA,4,2,4,9,6,3,8,15,2,3,99,15
01.01.2018,10819,GROATS_RICE_PASTA,MAKARON NADODRZANSKI SWID.MA?Y 400G,3,1,43,4,29,2,9,6,27,2,19,6
01.01.2018,5372,GROATS_RICE_PASTA,MAKARON POLSKIE MLYNY 500G PENNE DURUM,3,3,9,3,8,11,4,3,99,11,97,0
01.01.2018,8612,GROATS_RICE_PASTA,MAKARON SARITA SWIDEREK 400G,3,2,6,2,43,7,29,2,55,7,65,0
01.01.2018,16116,GROATS_RICE_PASTA,MAKARON SULMA GNIAZDKA 400G,5,2,2,10,1,3,42,17,1,3,59,17
01.01.2018,4742,GROATS_RICE_PASTA,MAKARON SULMA LAZANKA 500 G,1,2,59,2,59,3,51,3,51,3,69,3
01.01.2018,11178,CHEMISTRY,MAKARON SULMA PIORA 500 G,1,2,59,2,59,3,8,3,8,3,99,3
01.01.2018,18103,GROATS_RICE_PASTA,MAKARON SWIDEREK 400 G DOBRY,1,0,95,0,95,1,51,1,51,1,59,1
01.01.2018,1185,GROATS_RICE_PASTA,MAKARON TRADYCYJNY 250 G KLUSECZKI,4,1,76,7,4,2,75,11,2,89,11,56
01.01.2018,1057,FISH,MAKRELA WEDZONA,5,92,12,42,73,48,15,88,93,95,16,68
01.01.2018,3344,OILS,MAR DELMA EXTRA 450 G,29,2,27,65,89,2,85,82,65,2,99,86
01.01.2018,4515,DAIRY_CHESSE,MAR FLORA PRO ACTIV 400 G,1,13,57,13,57,8,1,8,1,8,5,8
01.01.2018,1366,OILS,MAR KASIA 250G,31,1,81,56,11,2,27,70,37,2,38,73
01.01.2018,5521,OILS,MAR MLECZNA 250G KRUSZWICA,4,1,2,4,8,1,54,6,16,1,62,6
01.01.2018,16342,DAIRY_CHESSE,MAR NIEZBEDNA KOSTKA 250GR,31,1,1,31,31,1,32,40,92,1,39,43
01.01.2018,1362,OILS,MAR PALMA BIELMAR 250G Z MURZYNKIEM,17,1,75,29,75,2,18,37,6,2,29,38
01.01.2018,2557,OILS,MAR PALMA KRUSZWICA 250G,22,1,32,29,4,1,8,39,6,1,89,41
01.01.2018,1336,OILS,MAR PYSZNY DUET 450,3,2,65,7,95,2,27,6,8,2,38,7
01.01.2018,2285,DAIRY_CHESSE,MAR SMAKOWITA 450 G,26,2,4,53,4,2,85,74,1,2,99,77
01.01.2018,1363,OILS,MAR SNIADANIOWA 450 G,10,2,5,25,3,8,38,3,99,39,9,0
01.01.2018,5401,OILS,MAR ZWYKLA 250G KRUSZWICA,43,1,2,51,6,1,7,73,1,1,79,76
01.01.2018,14307,ICE_CREAMS_FROZEN,MARCHEW KOSTKA  MROZONA,1,2,15,2,15,2,99,2,99,3,14,3
01.01.2018,4367,VEGETABLES,MARCHEW MINI CALA -NORDIS,1,4,4,4,4,5,39,5,39,5,66,5
01.01.2018,3889,DAIRY_CHESSE,MARCHEW Z GROSZKIEM MROZ.400G,2,2,44,4,88,3,3,6,6,3,47,6
01.01.2018,3609,ICE_CREAMS_FROZEN,MARCHEW Z GROSZKIWM 470 G SLON OGROD,11,2,22,2,86,31,46,3,9,33,99,0
01.01.2018,5493,OILS,MARGARYNA NIEZB?DNA Z MAS?EM 500G,4,1,78,7,12,2,3,9,2,2,42,9
01.01.2018,8129,CHEMISTRY,MARKER CZARNY 1 SZT,1,1,9,1,9,1,62,1,62,1,99,1
01.01.2018,16791,GENERAL_FOOD,MARMOLADA ROZANA 350G,2,2,25,4,5,3,8,6,16,3,33,6
01.01.2018,13302,CIGARETTES,MASCOTTTE BIBULKA 50 SZT,19,0,57,10,83,1,5,19,95,1,29,24
01.01.2018,2042,DAIRY_CHESSE,MASLANKA NATURALNA MRAGOWSKA,7,2,8,14,56,3,4,21,28,3,19,22
01.01.2018,11668,DAIRY_CHESSE,MASLANKA SREMSKA 1 L,22,1,95,42,9,2,5,55,2,63,57,86
01.01.2018,18769,DAIRY_CHESSE,MASLANKA TRUSK.1 L MLEKOWITA,1,2,32,2,32,1,51,1,51,1,59,1
01.01.2018,19578,OILS,MASLO ROSLINNE 250 G KRUSZ,5,1,66,8,3,2,13,10,67,2,24,11
01.01.2018,1314,OILS,MASLO ROSLINNE ZPT WARSZAWA 500G,2,3,6,6,12,4,43,8,86,4,65,9
01.01.2018,1618,CHEMISTRY,MASZYNKA POLSILVER,16,1,2,16,32,1,57,25,12,1,93,30
01.01.2018,5817,OCCASIONAL,MAZAKI 6 SZT,1,0,99,0,99,1,46,1,46,1,79,1
01.01.2018,9484,CHEWING_GUM_LOLIPOPS,MENTOS STRONG MINT 38G,9,1,19,10,71,2,42,21,78,2,98,26
01.01.2018,6688,VODKA_ALCOHOL,METAXSA 0_7 L 38%,1,27,95,27,95,48,74,48,74,59,95,59
01.01.2018,4417,MEAT,METKA CEBULOWA KG,1,68,16,16,27,6,17,19,28,8,18,5
01.01.2018,3858,MEAT,METKA ?OSOSIOWA,1,7,9,9,9,73,7,98,8,54,8,38
01.01.2018,3890,DAIRY_CHESSE,MIESZANKA 7 SK?,10,1,69,16,9,3,37,33,7,3,54,35
01.01.2018,3891,DAIRY_CHESSE,MIESZANKA CHINSKA 400 G,3,3,67,11,1,4,96,14,88,5,21,15
01.01.2018,4784,GENERAL,MIESZANKA KEKS 90 G,1,1,58,1,58,2,77,2,77,2,99,2
01.01.2018,19374,SWEETS,MIESZANKA STUDENCKA 100 G,1,3,71,3,71,5,9,5,9,5,5,5
01.01.2018,19530,GENERAL_FOOD,MIESZANKA SUSZONYCH OWOC�W 200G,3,3,89,11,67,3,51,10,52,3,79,11
01.01.2018,19853,KETCH_CONCETRATE_MUSTARD_MAJO_HORSERADISH,MIGDALY KALIFORNIJSKIE FRESCO 80 G,2,4,47,8,94,6,47,12,94,6,99,13
01.01.2018,5424,GENERAL_FOOD,MIGDALY PLATKI 70 G HELIO,1,4,5,4,5,6,4,6,4,6,91,6
01.01.2018,19360,SWEETS,MILKA 300 G OREO,3,6,66,19,98,8,13,24,38,9,99,29
01.01.2018,8306,SWEETS,MILKA CZEK.NADZ 37 G,9,1,16,10,44,1,62,14,58,1,99,17
01.01.2018,256,SWEETS,MILKA CZEK.ORZECHOWA 100G,11,2,29,25,19,3,41,37,51,4,19,46
01.01.2018,6398,SWEETS,MILKA CZEK.TRUSKAW 100G,8,2,29,18,32,3,41,27,28,4,19,33
01.01.2018,269,SWEETS,MILKA CZEKOLADA LACIATA 100G,2,2,29,4,58,3,41,6,82,4,19,8
01.01.2018,255,SWEETS,MILKA CZEKOLADA MLECZNA 100G,9,2,29,20,61,3,22,28,99,3,96,35
01.01.2018,16780,GENERAL_FOOD,MIOD LIPOWY 220 PASIEKA B.,1,4,83,4,83,6,47,6,47,6,79,6
01.01.2018,9731,KETCH_CONCETRATE_MUSTARD_MAJO_HORSERADISH,MIX EKSTRA PASLECKIE 200G.,13,1,93,25,9,2,85,37,5,2,99,38
01.01.2018,8637,VEGETABLES,MIX SA?AT 100 G,2,2,72,5,44,3,61,7,22,3,79,7
01.01.2018,3604,SWEETS,MLECZKO ALPEJSKIE   CZEKOLAD.330 G MILKA,1,6,46,6,46,8,76,8,76,10,77,10
01.01.2018,1822,DAIRY_CHESSE,MLEKO 1_5 L ML.ZAG,7,1,38,9,66,2,45,17,15,2,57,17
01.01.2018,2,DAIRY_CHESSE,MLEKO 3_2% MLECZ.ZAGRODA,27,1,9,51,3,2,62,70,74,2,75,74
01.01.2018,9606,DAIRY_CHESSE,MLEKO 3_2% ZAMBROWSKIE 1L,8,1,89,15,12,2,58,20,63,2,71,21
01.01.2018,8347,GENERAL,MLEKO KOKOSOWE 250 ML BANAN,2,3,4,6,8,4,48,8,96,4,7,9
01.01.2018,8348,GENERAL,MLEKO KOKOSOWE 250 ML CZEKOLADA,1,3,4,3,4,4,48,4,48,4,7,4
01.01.2018,8349,GENERAL,MLEKO KOKOSOWE 250 ML TRUSKAWKA,3,3,4,10,2,4,48,13,44,4,7,14
01.01.2018,8875,DAIRY_CHESSE,MLEKO LACIATE 3_2% 1L,6,2,12,2,75,16,5,2,89,17,34,0
01.01.2018,11767,DAIRY_CHESSE,MLEKO SWIEZE SREM  1 L 3_2%,18,1,95,35,1,1,78,32,7,1,87,33
01.01.2018,11766,DAIRY_CHESSE,MLEKO SWIEZE SREM 1 L 2%,19,1,8,34,2,1,68,31,92,1,76,33
01.01.2018,6202,DAIRY_CHESSE,MLEKO WYDOJONE 1 L 3_2 BEZ LAKTOZY,3,2,47,7,41,3,23,9,69,3,39,10
01.01.2018,6409,CHEMISTRY,MOLA PAPIER BIALY 8,5,5,57,27,85,6,87,34,35,8,45,42
01.01.2018,16407,CHEMISTRY,MOLA PAPIER ZOLTY 8,2,3,89,7,78,6,5,13,7,99,15,98
01.01.2018,8438,GENERAL,MOZZARELLA 125 G MINI,2,3,6,6,12,2,1,4,2,2,21,4
01.01.2018,3515,GROATS_RICE_PASTA,MUSZTARDA DEVELEY 210 G SAREPSKA,2,0,92,1,84,1,29,2,58,1,59,3
01.01.2018,3514,GROATS_RICE_PASTA,MUSZTARDA DEVELEY 210 G STO?OWA,4,0,92,3,68,1,29,5,16,1,59,6
01.01.2018,3099,GENERAL_FOOD,MUSZTARDA SAREPSKA 0_9L PEGAZ,1,3,43,3,43,2,44,2,44,3,3,0
01.01.2018,744,KETCH_CONCETRATE_MUSTARD_MAJO_HORSERADISH,MUSZTARDA SAREPSKA 200G PEGAZ,13,1,35,17,55,1,86,24,18,2,29,29
01.01.2018,745,GENERAL_FOOD,MUSZTARDA STOLOWA 200G PEGAZ,37,1,35,49,95,1,82,67,34,2,24,82
01.01.2018,5922,CHEMISTRY,MYDLO ARKO KREMEM ZIELONE 90 GR,7,0,88,6,16,1,48,10,36,1,82,12
01.01.2018,8033,CHEMISTRY,MYDLO DAVE 100G,1,1,95,1,95,3,24,3,24,3,99,3
01.01.2018,4089,CHEMISTRY,MYDLO DOVE 100G CREAM BAR,2,1,79,3,58,3,24,6,48,3,99,7
01.01.2018,4064,CHEMISTRY,MYDLO LUKSJA 90 G LINEN,3,0,8,2,4,1,19,3,56,1,46,4
01.01.2018,8186,CHEMISTRY,MYDLO LUKSJA CREAM 100 G,4,0,99,3,96,1,42,5,68,1,75,7
01.01.2018,3802,CHEMISTRY,MYDLO LUKSJS 90 G FRESH,2,0,99,1,98,1,37,2,74,1,69,3
01.01.2018,6764,CHEMISTRY,MYDLO SZARE 175 G,3,1,49,4,47,2,13,6,39,2,62,7
01.01.2018,4725,CHEMISTRY,MYD?O LUKSJA W KOSTCE ROCE 90G,2,0,86,1,72,1,42,2,84,1,75,3
01.01.2018,3062,DRINK_JUICE,NAP AQA 1_5 GAZ CYTR+MIETA,2,0,74,1,48,1,13,2,26,1,39,2
01.01.2018,3480,GENERAL_FOOD,NAP AQA 1_5 L GAZ ZURAWINA,8,0,73,5,84,1,13,9,4,1,39,11
01.01.2018,7146,DRINK_JUICE,NAP AQA 1_5 L N/G TRUSKAWKA,6,0,73,4,38,1,13,6,78,1,39,8
01.01.2018,3048,SWEETS,NAP AQA PLUS 1_5 L GAZ JAB+PIGWA,2,0,73,1,46,1,13,2,26,1,39,2
01.01.2018,4841,DRINK_JUICE,NAP BLACK 250ML PUSZKA,16,0,97,15,52,1,62,25,92,1,99,31
01.01.2018,2453,DRINK_JUICE,NAP CAPRIO JABL.MALINA 2L,1,2,99,2,99,3,8,3,8,3,99,3
01.01.2018,2454,DRINK_JUICE,NAP CAPRIO JABLKO 2L,2,2,5,5,3,8,7,6,3,99,7,98
01.01.2018,2455,DRINK_JUICE,NAP CAPRIO POMARANCZ 2L,5,2,99,14,95,3,8,19,3,99,19,95
01.01.2018,1480,DRINK_JUICE,NAP COCA COLA 0_33L PUSZKA,18,1,2,21,6,1,62,29,16,1,99,35
01.01.2018,2505,DRINK_JUICE,NAP COCA COLA 0_5L,8,1,94,15,52,2,59,20,72,3,19,25
01.01.2018,15286,DRINK_JUICE,NAP COCA COLA 1_5 L,20,2,7,54,3,73,74,6,4,59,91,8
01.01.2018,1661,DRINK_JUICE,NAP COCA COLA 1L,12,2,44,29,28,3,24,38,88,3,99,47
01.01.2018,15665,KETCH_CONCETRATE_MUSTARD_MAJO_HORSERADISH,NAP COCA COLA 2_25 L PET,32,3,61,115,47,4,87,155,84,5,99,191
01.01.2018,3161,DRINK_JUICE,NAP COCA COLA ZERO 0_5L,1,1,74,1,74,2,43,2,43,2,99,2
01.01.2018,897,DRINK_JUICE,NAP COCA COLA ZERO 1L,2,2,21,4,42,3,24,6,48,3,99,7
01.01.2018,8629,DRINK_JUICE,NAP ENERG ROCKSTAR 0_25 PUSZKA,7,1,29,9,3,1,86,13,2,2,29,16
01.01.2018,6582,DRINK_JUICE,NAP ENERGET ROSKST 250 ML PUSZKA,5,1,29,6,45,1,71,8,56,2,11,10
01.01.2018,8401,DRINK_JUICE,NAP ENERGETYCZNY 250 ML OSHE,1,0,92,0,92,1,46,1,46,1,79,1
01.01.2018,15800,KETCH_CONCETRATE_MUSTARD_MAJO_HORSERADISH,NAP ENERGETYCZNY V-MAX 0_25L PUSZKA,74,0,36,26,58,1,46,108,4,1,79,132
01.01.2018,7649,DRINK_JUICE,NAP ENERGRT ROCKST 0_25 ML PUSZKA,10,1,62,16,2,2,35,23,5,2,89,28
01.01.2018,2787,DRINK_JUICE,NAP FANTA 1L GAZ,3,2,44,7,32,3,24,9,72,3,99,11
01.01.2018,4892,DRINK_JUICE,NAP FANTA ORANGE 0_5L,1,1,86,1,86,2,59,2,59,3,19,3
01.01.2018,6637,DRINK_JUICE,NAP FANTA PUSZKA,2,1,26,2,52,1,62,3,24,1,99,3
01.01.2018,889,DRINK_JUICE,NAP HELLENA TONIC 1_25L GAZ,4,1,49,5,96,1,99,7,96,2,45,9
01.01.2018,1054,KETCH_CONCETRATE_MUSTARD_MAJO_HORSERADISH,NAP HORTEX 1 L BANANOWY,1,3,9,3,9,4,66,4,66,4,89,4
01.01.2018,14341,DRINK_JUICE,NAP HORTEX 1 L CZARNA PORZECZKA,4,2,19,8,76,3,8,15,2,3,99,15
01.01.2018,8080,DRINK_JUICE,NAP HORTEX 1 L GREJPR.RUBIN,3,3,61,10,83,5,6,16,8,5,88,17
01.01.2018,6532,DRINK_JUICE,NAP HORTEX 1 L JABLKO,13,2,89,37,57,3,8,49,4,3,99,51
01.01.2018,6533,DRINK_JUICE,NAP HORTEX 1 L POMARANCZOWY,11,3,8,33,87,5,4,55,44,5,29,58
01.01.2018,7985,DRINK_JUICE,NAP JURAJSKA ORANZADA 1_25 GAZ CZERW,1,1,53,1,53,2,19,2,19,2,69,2
01.01.2018,8165,DRINK_JUICE,NAP JURAJSKA ORANZADA BIALA 1_25 G,6,1,57,9,42,1,46,8,78,1,8,10
01.01.2018,7788,DRINK_JUICE,NAP JURAJSKA ORANZADA NIEBI.1_25 GAZ,1,1,53,1,53,2,19,2,19,2,69,2
01.01.2018,7892,DRINK_JUICE,NAP LIPTON 1 L LEMON,1,2,5,2,5,3,24,3,24,3,99,3
01.01.2018,7188,DRINK_JUICE,NAP MIRINDA 1_5 L +0_3 GRATIS,2,2,7,5,4,4,6,8,12,4,99,9
01.01.2018,7172,DRINK_JUICE,NAP MIRINDA ORANGE 0_5L,4,1,66,6,64,2,43,9,72,2,99,11
01.01.2018,2216,DRINK_JUICE,NAP NAPI 0_25 BUT.JAB+MIETA,3,0,68,2,4,1,3,1,5,3,15,0
01.01.2018,19116,DRINK_JUICE,NAP NAPI 0_25 BUTELKA,1,0,68,0,68,1,1,1,5,1,5,0
01.01.2018,17741,DRINK_JUICE,NAP NAPI MULTIWITAMINA 200 ML,13,0,46,5,98,0,66,8,58,0,69,8
01.01.2018,16606,DRINK_JUICE,NAP NAPI POMARANCZ 0_2L,12,0,46,5,52,0,75,9,0,79,9,48
01.01.2018,15429,DRINK_JUICE,NAP NAPPI 2L JABLKOWY,7,2,25,15,75,1,84,12,89,1,94,13
01.01.2018,16657,DRINK_JUICE,NAP NAPPI JABLKO/WISNIOWY 2L,2,2,22,4,44,3,28,6,56,3,44,6
01.01.2018,1058,DRINK_JUICE,NAP NAPPI JABLKOWY 200ML,10,0,46,4,6,0,75,7,5,0,79,7
01.01.2018,16367,VODKA_ALCOHOL,NAP SPIR  ABSOLWENT CYTR.01,76,3,4,231,4,4,6,308,56,4,99,379
01.01.2018,2364,VODKA_ALCOHOL,NAP SPIR ABSOLWENT POZIOMAKA 0_1 30%,97,2,99,290,11,3,65,354,5,4,49,435
01.01.2018,8402,VODKA_ALCOHOL,NAP SPIR ABSOLWENT SLIWKA 0_1,134,2,99,401,15,3,65,489,1,4,49,601
01.01.2018,8283,VODKA_ALCOHOL,NAP SPIR BARMANSKA 0_5 L ARBUZ,1,5,6,5,6,7,6,7,6,9,35,9
01.01.2018,18727,VODKA_ALCOHOL,NAP SPIR CYTRYNOWKA 0_1 30%,80,3,2,256,4,22,337,6,5,19,415,2
01.01.2018,17134,VODKA_ALCOHOL,NAP SPIR CYTRYNOWKA 30% 200ML,27,6,38,172,26,8,49,229,23,10,44,281
01.01.2018,17528,VODKA_ALCOHOL,NAP SPIR GREJPFRUTOWA 0_1 30%,19,3,2,60,8,4,22,80,18,5,19,98
01.01.2018,6065,VODKA_ALCOHOL,NAP SPIR SOPLICA CYTRYNA 0_5 L,4,15,75,63,20,32,81,28,24,99,99,96
01.01.2018,7063,VODKA_ALCOHOL,NAP SPIR SOPLICA CZ.PORZECZKA 0_1 L,5,3,79,18,95,4,86,24,3,5,98,29
01.01.2018,17948,VODKA_ALCOHOL,NAP SPIR SOPLICA MALINA 0_5 L,2,16,14,32,28,20,32,40,64,24,99,49
01.01.2018,16925,VODKA_ALCOHOL,NAP SPIR SOPLICA ORZECH.LASK 0_2 L 36%,2,7,57,15,14,9,75,19,5,11,99,23
01.01.2018,16957,VODKA_ALCOHOL,NAP SPIR SOPLICA PIGWOWA 0_1,13,3,69,47,97,4,79,62,27,5,89,76
01.01.2018,8082,VODKA_ALCOHOL,NAP SPIR SOPLICA PRZYPALANA Z OWOC.0_5 L,1,16,7,16,7,21,13,21,13,25,99,25
01.01.2018,6452,WINE_ALCOHOL 18%,NAP SPIR SOPLICA WISNIA 0_2,1,7,38,7,38,9,62,9,62,11,83,11
01.01.2018,18544,VODKA_ALCOHOL,NAP SPIR SOPLICA WISNIOWA 0_5 L,1,16,14,16,14,20,32,20,32,24,99,24
01.01.2018,7896,VODKA_ALCOHOL,NAP SPIR SOPLICA WISNIOWA 36% 0_1L,7,3,79,26,53,4,71,32,97,5,79,40
01.01.2018,14600,VODKA_ALCOHOL,NAP SPIR ZOLADKOWA GORZKA 36% 0_2L,9,8,14,73,26,10,56,95,4,12,99,116
01.01.2018,14200,VODKA_ALCOHOL,NAP SPIR ZOLADKOWA GORZKA Z MIETA 0_2L,4,8,14,32,56,10,56,42,24,12,99,51
01.01.2018,1028,VODKA_ALCOHOL,NAP SPIR ZO?ADKOWA GORZKA 0_1 36%,21,4,14,86,94,5,33,111,93,6,55,137
01.01.2018,4303,VODKA_ALCOHOL,NAP SPIR ZO?ADKOWA Z MIETA 0_1 ML,28,4,14,115,92,5,33,149,24,6,55,183
01.01.2018,8081,VODKA_ALCOHOL,NAP SPOLICA PRZYPALANA 0_5 L,1,16,7,16,7,21,13,21,13,25,99,25
01.01.2018,9393,DRINK_JUICE,NAP SPRITE 0_33L PUSZKA,8,1,2,9,6,1,62,12,96,1,99,15
01.01.2018,15438,DRINK_JUICE,NAP SPRITE 1_5 L,3,2,65,7,95,4,6,12,18,4,99,14
01.01.2018,1488,DRINK_JUICE,NAP SPRITE 1L GAZ,10,2,44,24,4,3,24,32,4,3,99,39
01.01.2018,15801,DRINK_JUICE,NAP SPRITE 2_25 L,4,3,21,12,84,4,87,19,48,5,99,23
01.01.2018,13444,DRINK_JUICE,NAP TIGER PUSZKA 0_25,48,1,17,56,6,1,78,85,44,2,19,105
01.01.2018,1126,DRINK_JUICE,NAP TYMBARK 0_25 L JAB+WISNIA,3,0,81,2,43,1,23,3,69,1,29,3
01.01.2018,5113,DRINK_JUICE,NAP TYMBARK 0_25 L JAB/BRZOSK,1,0,88,0,88,1,23,1,23,1,29,1
01.01.2018,7480,DRINK_JUICE,NAP TYMBARK 0_25 L POM.BRZOSK,8,0,81,6,48,1,23,9,84,1,29,10
01.01.2018,13177,DRINK_JUICE,NAP TYMBARK 0_25L  JABLKO-MIETA,2,0,81,1,62,1,23,2,46,1,29,2
01.01.2018,17574,DRINK_JUICE,NAP TYMBARK 0_5 L MALINA+MIETA,12,1,32,15,84,1,99,23,88,2,9,25
01.01.2018,3059,DRINK_JUICE,NAP TYMBARK 0_5 L POM-.BRZOSK,11,1,32,14,52,1,99,21,89,2,9,22
01.01.2018,2138,DRINK_JUICE,NAP TYMBARK 1 L  WISNIA JABLK0,10,1,66,16,6,2,66,26,6,2,79,27
01.01.2018,6236,DRINK_JUICE,NAP TYMBARK 1 L CZRNA PORZECZKA,4,2,79,11,16,4,75,19,4,99,19,96
01.01.2018,18497,DRINK_JUICE,NAP TYMBARK 1 L JAB+GRUSZKA,3,1,72,5,16,2,66,7,98,2,79,8
01.01.2018,2132,DRINK_JUICE,NAP TYMBARK 1 L JAB/BRZOSKW,8,1,66,13,28,2,66,21,28,2,79,22
01.01.2018,12124,DRINK_JUICE,NAP TYMBARK 1 L JABLKO/MIETA 1L,2,1,86,3,72,2,66,5,32,2,79,5
01.01.2018,4366,DRINK_JUICE,NAP TYMBARK 1 L JAB?KO 100%,4,2,81,11,24,3,99,15,96,4,19,16
01.01.2018,816,DRINK_JUICE,NAP TYMBARK 1 L KAKTUS,2,2,46,4,92,3,61,7,22,3,79,7
01.01.2018,8592,DRINK_JUICE,NAP TYMBARK 1 L POLSKI OGROD,1,1,95,1,95,2,85,2,85,2,99,2
01.01.2018,2134,DRINK_JUICE,NAP TYMBARK 1 L POMAR/BRZOSKLWINIA 1L,1,1,86,1,86,1,33,1,33,1,4,1
01.01.2018,6478,DRINK_JUICE,NAP TYMBARK 1 L ZIEL BANAN,3,2,39,7,17,3,61,10,83,3,79,11
